Position,Name + ID,Name,ID,Roster Position,Salary,Game Info,TeamAbbrev,AvgPointsPerGame
C,Nathan MacKinnon (14425816),Nathan MacKinnon,14425816,C/UTIL,8500,COL@SJ 03/08/2020 10:00PM ET,COL,17.83
G,Andrei Vasilevskiy (14426650),Andrei Vasilevskiy,14426650,G,8200,TB@DET 03/08/2020 05:00PM ET,TB,16.06
RW,Patrick Kane (14425996),Patrick Kane,14425996,W/UTIL,8100,STL@CHI 03/08/2020 07:30PM ET,CHI,15.14
RW,Nikita Kucherov (14425998),Nikita Kucherov,14425998,W/UTIL,8000,TB@DET 03/08/2020 05:00PM ET,TB,13.79
G,Curtis McElhinney (14426652),Curtis McElhinney,14426652,G,8000,TB@DET 03/08/2020 05:00PM ET,TB,13.68
G,Thatcher Demko (14426651),Thatcher Demko,14426651,G,8000,CLS@VAN 03/08/2020 10:00PM ET,VAN,12.57
LW,Max Pacioretty (14426000),Max Pacioretty,14426000,W/UTIL,7900,VGK@CGY 03/08/2020 07:00PM ET,VGK,14.94
G,Alex Stalock (14426654),Alex Stalock,14426654,G,7900,MIN@ANH 03/08/2020 09:00PM ET,MIN,13.37
G,Devan Dubnyk (14426656),Devan Dubnyk,14426656,G,7900,MIN@ANH 03/08/2020 09:00PM ET,MIN,9.73
G,Philipp Grubauer (14426653),Philipp Grubauer,14426653,G,7900,COL@SJ 03/08/2020 10:00PM ET,COL,14.19
G,Pavel Francouz (14426655),Pavel Francouz,14426655,G,7900,COL@SJ 03/08/2020 10:00PM ET,COL,15.61
LW,Steven Stamkos (14426002),Steven Stamkos,14426002,W/UTIL,7800,TB@DET 03/08/2020 05:00PM ET,TB,14.02
G,Louis Domingue (14426657),Louis Domingue,14426657,G,7800,CLS@VAN 03/08/2020 10:00PM ET,VAN,6.7
G,Jacob Markstrom (14426658),Jacob Markstrom,14426658,G,7800,CLS@VAN 03/08/2020 10:00PM ET,VAN,16.15
G,Jordan Binnington (14426659),Jordan Binnington,14426659,G,7700,STL@CHI 03/08/2020 07:30PM ET,STL,13.86
G,David Rittich (14426660),David Rittich,14426660,G,7700,VGK@CGY 03/08/2020 07:00PM ET,CGY,13.68
G,Cam Talbot (14426661),Cam Talbot,14426661,G,7700,VGK@CGY 03/08/2020 07:00PM ET,CGY,14.44
G,Michael Hutchinson (14426662),Michael Hutchinson,14426662,G,7700,COL@SJ 03/08/2020 10:00PM ET,COL,8.97
G,Corey Crawford (14426663),Corey Crawford,14426663,G,7600,STL@CHI 03/08/2020 07:30PM ET,CHI,14.54
G,Marc-Andre Fleury (14426664),Marc-Andre Fleury,14426664,G,7600,VGK@CGY 03/08/2020 07:00PM ET,VGK,12.62
G,Robin Lehner (14426665),Robin Lehner,14426665,G,7600,VGK@CGY 03/08/2020 07:00PM ET,VGK,17.77
G,Jake Allen (14426666),Jake Allen,14426666,G,7500,STL@CHI 03/08/2020 07:30PM ET,STL,13.81
D,Brent Burns (14426360),Brent Burns,14426360,D/UTIL,7500,COL@SJ 03/08/2020 10:00PM ET,SJ,12.21
G,Malcolm Subban (14426668),Malcolm Subban,14426668,G,7400,STL@CHI 03/08/2020 07:30PM ET,CHI,9.63
RW,Mark Stone (14426004),Mark Stone,14426004,W/UTIL,7400,VGK@CGY 03/08/2020 07:00PM ET,VGK,11.69
G,Martin Jones (14426667),Martin Jones,14426667,G,7400,COL@SJ 03/08/2020 10:00PM ET,SJ,10.74
G,Aaron Dell (14426669),Aaron Dell,14426669,G,7400,COL@SJ 03/08/2020 10:00PM ET,SJ,11.94
G,John Gibson (14426670),John Gibson,14426670,G,7200,MIN@ANH 03/08/2020 09:00PM ET,ANH,12.07
G,Joonas Korpisalo (14426671),Joonas Korpisalo,14426671,G,7100,CLS@VAN 03/08/2020 10:00PM ET,CLS,13.34
G,Jonathan Bernier (14426672),Jonathan Bernier,14426672,G,7000,TB@DET 03/08/2020 05:00PM ET,DET,12.29
G,Ryan Miller (14426673),Ryan Miller,14426673,G,7000,MIN@ANH 03/08/2020 09:00PM ET,ANH,12.41
D,Zach Werenski (14426362),Zach Werenski,14426362,D/UTIL,7000,CLS@VAN 03/08/2020 10:00PM ET,CLS,11.04
LW,Gabriel Landeskog (14426006),Gabriel Landeskog,14426006,W/UTIL,7000,COL@SJ 03/08/2020 10:00PM ET,COL,10.63
RW,Kevin Fiala (14426008),Kevin Fiala,14426008,W/UTIL,6900,MIN@ANH 03/08/2020 09:00PM ET,MIN,10.38
G,Matiss Kivlenieks (14426674),Matiss Kivlenieks,14426674,G,6900,CLS@VAN 03/08/2020 10:00PM ET,CLS,8.35
G,Elvis Merzlikins (14426675),Elvis Merzlikins,14426675,G,6900,CLS@VAN 03/08/2020 10:00PM ET,CLS,14.08
G,Jimmy Howard (14426676),Jimmy Howard,14426676,G,6800,TB@DET 03/08/2020 05:00PM ET,DET,7.73
LW,Jonathan Marchessault (14426010),Jonathan Marchessault,14426010,W/UTIL,6800,VGK@CGY 03/08/2020 07:00PM ET,VGK,10.90
C,Dylan Larkin (14425818),Dylan Larkin,14425818,C/UTIL,6700,TB@DET 03/08/2020 05:00PM ET,DET,10.69
D,Alex Pietrangelo (14426364),Alex Pietrangelo,14426364,D/UTIL,6700,STL@CHI 03/08/2020 07:30PM ET,STL,11.99
RW,Oliver Bjorkstrand (14426012),Oliver Bjorkstrand,14426012,W/UTIL,6700,CLS@VAN 03/08/2020 10:00PM ET,CLS,11.23
C,Brayden Point (14425820),Brayden Point,14425820,C/UTIL,6600,TB@DET 03/08/2020 05:00PM ET,TB,10.32
RW,Anthony Mantha (14426014),Anthony Mantha,14426014,W/UTIL,6600,TB@DET 03/08/2020 05:00PM ET,DET,11.77
D,Victor Hedman (14426366),Victor Hedman,14426366,D/UTIL,6600,TB@DET 03/08/2020 05:00PM ET,TB,11.47
G,Scott Wedgewood (14426690),Scott Wedgewood,14426690,G,6500,TB@DET 03/08/2020 05:00PM ET,TB,0
G,Zach Fucale (14426691),Zach Fucale,14426691,G,6500,TB@DET 03/08/2020 05:00PM ET,TB,0
G,Mike Condon (14426692),Mike Condon,14426692,G,6500,TB@DET 03/08/2020 05:00PM ET,TB,0
G,Calvin Pickard (14426693),Calvin Pickard,14426693,G,6500,TB@DET 03/08/2020 05:00PM ET,DET,-3.73
G,Kevin Lankinen (14426680),Kevin Lankinen,14426680,G,6500,STL@CHI 03/08/2020 07:30PM ET,CHI,0
G,Collin Delia (14426681),Collin Delia,14426681,G,6500,STL@CHI 03/08/2020 07:30PM ET,CHI,0
G,Ville Husso (14426683),Ville Husso,14426683,G,6500,STL@CHI 03/08/2020 07:30PM ET,STL,0
G,Jon Gillies (14426687),Jon Gillies,14426687,G,6500,VGK@CGY 03/08/2020 07:00PM ET,CGY,0
G,Oscar Dansk (14426688),Oscar Dansk,14426688,G,6500,VGK@CGY 03/08/2020 07:00PM ET,VGK,0.7
G,Garret Sparks (14426689),Garret Sparks,14426689,G,6500,VGK@CGY 03/08/2020 07:00PM ET,VGK,1.4
G,Kevin Boyle (14426685),Kevin Boyle,14426685,G,6500,MIN@ANH 03/08/2020 09:00PM ET,ANH,0
G,Anthony Stolarz (14426686),Anthony Stolarz,14426686,G,6500,MIN@ANH 03/08/2020 09:00PM ET,ANH,0
G,Kaapo Kahkonen (14426696),Kaapo Kahkonen,14426696,G,6500,MIN@ANH 03/08/2020 09:00PM ET,MIN,16.08
C,Elias Pettersson (14425822),Elias Pettersson,14425822,C/UTIL,6500,CLS@VAN 03/08/2020 10:00PM ET,VAN,11.53
LW,J.T. Miller (14426016),J.T. Miller,14426016,W/UTIL,6500,CLS@VAN 03/08/2020 10:00PM ET,VAN,11.63
D,Seth Jones (14426368),Seth Jones,14426368,D/UTIL,6500,CLS@VAN 03/08/2020 10:00PM ET,CLS,10.71
G,Veini Vehvilainen (14426682),Veini Vehvilainen,14426682,G,6500,CLS@VAN 03/08/2020 10:00PM ET,CLS,0
G,Michael DiPietro (14426684),Michael DiPietro,14426684,G,6500,CLS@VAN 03/08/2020 10:00PM ET,VAN,0.7
G,Antoine Bibeau (14426677),Antoine Bibeau,14426677,G,6500,COL@SJ 03/08/2020 10:00PM ET,COL,7.2
G,Adam Werner (14426678),Adam Werner,14426678,G,6500,COL@SJ 03/08/2020 10:00PM ET,COL,14.3
G,Hunter Miska (14426679),Hunter Miska,14426679,G,6500,COL@SJ 03/08/2020 10:00PM ET,COL,0
G,Josef Korenar (14426694),Josef Korenar,14426694,G,6500,COL@SJ 03/08/2020 10:00PM ET,SJ,0
G,Andrew Shortridge (14426695),Andrew Shortridge,14426695,G,6500,COL@SJ 03/08/2020 10:00PM ET,SJ,0
RW,Vladimir Tarasenko (14426018),Vladimir Tarasenko,14426018,W/UTIL,6400,STL@CHI 03/08/2020 07:30PM ET,STL,11.76
D,Shea Theodore (14426370),Shea Theodore,14426370,D/UTIL,6400,VGK@CGY 03/08/2020 07:00PM ET,VGK,10.54
LW,Evander Kane (14426020),Evander Kane,14426020,W/UTIL,6300,COL@SJ 03/08/2020 10:00PM ET,SJ,11.40
C,Jonathan Toews (14425824),Jonathan Toews,14425824,C/UTIL,6200,STL@CHI 03/08/2020 07:30PM ET,CHI,10.33
LW,Johnny Gaudreau (14426022),Johnny Gaudreau,14426022,W/UTIL,6200,VGK@CGY 03/08/2020 07:00PM ET,CGY,10.76
D,Mark Giordano (14426372),Mark Giordano,14426372,D/UTIL,6200,VGK@CGY 03/08/2020 07:00PM ET,CGY,11.81
RW,Mikko Rantanen (14426024),Mikko Rantanen,14426024,W/UTIL,6100,COL@SJ 03/08/2020 10:00PM ET,COL,11.64
RW,Matthew Tkachuk (14426026),Matthew Tkachuk,14426026,W/UTIL,6000,VGK@CGY 03/08/2020 07:00PM ET,CGY,10.86
C,Bo Horvat (14425826),Bo Horvat,14425826,C/UTIL,6000,CLS@VAN 03/08/2020 10:00PM ET,VAN,11.12
D,Alexander Edler (14426374),Alexander Edler,14426374,D/UTIL,6000,CLS@VAN 03/08/2020 10:00PM ET,VAN,11.32
RW,Tyler Toffoli (14426028),Tyler Toffoli,14426028,W/UTIL,5900,CLS@VAN 03/08/2020 10:00PM ET,VAN,9.90
D,Cale Makar (14426376),Cale Makar,14426376,D/UTIL,5900,COL@SJ 03/08/2020 10:00PM ET,COL,9.95
LW,Dominik Kubalik (14426030),Dominik Kubalik,14426030,W/UTIL,5800,STL@CHI 03/08/2020 07:30PM ET,CHI,9.19
C,William Karlsson (14425828),William Karlsson,14425828,C/UTIL,5800,VGK@CGY 03/08/2020 07:00PM ET,VGK,9.13
D,Jared Spurgeon (14426378),Jared Spurgeon,14426378,D/UTIL,5800,MIN@ANH 03/08/2020 09:00PM ET,MIN,9.25
D,Colton Parayko (14426380),Colton Parayko,14426380,D/UTIL,5700,STL@CHI 03/08/2020 07:30PM ET,STL,9.70
RW,Elias Lindholm (14426032),Elias Lindholm,14426032,W/UTIL,5700,VGK@CGY 03/08/2020 07:00PM ET,CGY,10.09
LW,Jaden Schwartz (14426034),Jaden Schwartz,14426034,W/UTIL,5600,STL@CHI 03/08/2020 07:30PM ET,STL,9.68
D,Quinn Hughes (14426382),Quinn Hughes,14426382,D/UTIL,5600,CLS@VAN 03/08/2020 10:00PM ET,VAN,8.42
C,Logan Couture (14425830),Logan Couture,14425830,C/UTIL,5600,COL@SJ 03/08/2020 10:00PM ET,SJ,10.45
C,Ryan O'Reilly (14425832),Ryan O'Reilly,14425832,C/UTIL,5500,STL@CHI 03/08/2020 07:30PM ET,STL,8.63
RW,Reilly Smith (14426036),Reilly Smith,14426036,W/UTIL,5500,VGK@CGY 03/08/2020 07:00PM ET,VGK,9.78
D,Ryan Graves (14426384),Ryan Graves,14426384,D/UTIL,5500,COL@SJ 03/08/2020 10:00PM ET,COL,9.34
RW,Brayden Schenn (14426038),Brayden Schenn,14426038,W/UTIL,5400,STL@CHI 03/08/2020 07:30PM ET,STL,8.94
D,Duncan Keith (14426386),Duncan Keith,14426386,D/UTIL,5400,STL@CHI 03/08/2020 07:30PM ET,CHI,8.31
C,Sean Monahan (14425834),Sean Monahan,14425834,C/UTIL,5400,VGK@CGY 03/08/2020 07:00PM ET,CGY,9.01
D,Connor Murphy (14426388),Connor Murphy,14426388,D/UTIL,5300,STL@CHI 03/08/2020 07:30PM ET,CHI,9.61
RW,Brock Boeser (14426040),Brock Boeser,14426040,W/UTIL,5300,CLS@VAN 03/08/2020 10:00PM ET,VAN,10.52
C,Tomas Hertl (14425836),Tomas Hertl,14425836,C/UTIL,5300,COL@SJ 03/08/2020 10:00PM ET,SJ,9.96
RW,David Perron (14426042),David Perron,14426042,W/UTIL,5200,STL@CHI 03/08/2020 07:30PM ET,STL,10.06
D,Hampus Lindholm (14426390),Hampus Lindholm,14426390,D/UTIL,5200,MIN@ANH 03/08/2020 09:00PM ET,ANH,7.67
C,Pierre-Luc Dubois (14425838),Pierre-Luc Dubois,14425838,C/UTIL,5200,CLS@VAN 03/08/2020 10:00PM ET,CLS,9.41
LW,Rickard Rakell (14426044),Rickard Rakell,14426044,W/UTIL,5100,MIN@ANH 03/08/2020 09:00PM ET,ANH,9.37
D,Matt Dumba (14426392),Matt Dumba,14426392,D/UTIL,5100,MIN@ANH 03/08/2020 09:00PM ET,MIN,8.20
C,Nazem Kadri (14425840),Nazem Kadri,14425840,C/UTIL,5100,COL@SJ 03/08/2020 10:00PM ET,COL,9.27
C,Anthony Cirelli (14425842),Anthony Cirelli,14425842,C/UTIL,5000,TB@DET 03/08/2020 05:00PM ET,TB,7.82
D,Danny DeKeyser (14426394),Danny DeKeyser,14426394,D/UTIL,5000,TB@DET 03/08/2020 05:00PM ET,DET,9.18
RW,Jakob Silfverberg (14426046),Jakob Silfverberg,14426046,W/UTIL,5000,MIN@ANH 03/08/2020 09:00PM ET,ANH,8.52
LW,Timo Meier (14426048),Timo Meier,14426048,W/UTIL,5000,COL@SJ 03/08/2020 10:00PM ET,SJ,10.00
LW,Blake Coleman (14426050),Blake Coleman,14426050,W/UTIL,4900,TB@DET 03/08/2020 05:00PM ET,TB,10.40
LW,Alex DeBrincat (14426052),Alex DeBrincat,14426052,W/UTIL,4900,STL@CHI 03/08/2020 07:30PM ET,CHI,9.39
C,Adam Henrique (14425844),Adam Henrique,14425844,C/UTIL,4900,MIN@ANH 03/08/2020 09:00PM ET,ANH,8.86
D,Ryan Suter (14426396),Ryan Suter,14426396,D/UTIL,4900,MIN@ANH 03/08/2020 09:00PM ET,MIN,8.70
LW,Ondrej Palat (14426054),Ondrej Palat,14426054,W/UTIL,4800,TB@DET 03/08/2020 05:00PM ET,TB,8.14
C,Mikael Backlund (14425846),Mikael Backlund,14425846,C/UTIL,4800,VGK@CGY 03/08/2020 07:00PM ET,CGY,7.84
D,Nate Schmidt (14426398),Nate Schmidt,14426398,D/UTIL,4800,VGK@CGY 03/08/2020 07:00PM ET,VGK,8.93
LW,Zach Parise (14426056),Zach Parise,14426056,W/UTIL,4800,MIN@ANH 03/08/2020 09:00PM ET,MIN,8.95
C,Boone Jenner (14425848),Boone Jenner,14425848,C/UTIL,4700,CLS@VAN 03/08/2020 10:00PM ET,CLS,8.18
LW,Tanner Pearson (14426058),Tanner Pearson,14426058,W/UTIL,4700,CLS@VAN 03/08/2020 10:00PM ET,VAN,9.38
LW,Cam Atkinson (14426060),Cam Atkinson,14426060,W/UTIL,4700,CLS@VAN 03/08/2020 10:00PM ET,CLS,10.26
D,Samuel Girard (14426400),Samuel Girard,14426400,D/UTIL,4700,COL@SJ 03/08/2020 10:00PM ET,COL,7.07
D,Erik Karlsson (14426402),Erik Karlsson,14426402,D/UTIL,4700,COL@SJ 03/08/2020 10:00PM ET,SJ,9.77
D,Mikhail Sergachev (14426406),Mikhail Sergachev,14426406,D/UTIL,4600,TB@DET 03/08/2020 05:00PM ET,TB,7.92
RW,Brandon Saad (14426062),Brandon Saad,14426062,W/UTIL,4600,STL@CHI 03/08/2020 07:30PM ET,CHI,8.67
D,Alec Martinez (14426404),Alec Martinez,14426404,D/UTIL,4600,VGK@CGY 03/08/2020 07:00PM ET,VGK,7.84
C,Ryan Getzlaf (14425850),Ryan Getzlaf,14425850,C/UTIL,4600,MIN@ANH 03/08/2020 09:00PM ET,ANH,9.00
RW,Gustav Nyquist (14426064),Gustav Nyquist,14426064,W/UTIL,4600,CLS@VAN 03/08/2020 10:00PM ET,CLS,7.73
D,Filip Hronek (14426410),Filip Hronek,14426410,D/UTIL,4500,TB@DET 03/08/2020 05:00PM ET,DET,7.82
C,Eric Staal (14425852),Eric Staal,14425852,C/UTIL,4500,MIN@ANH 03/08/2020 09:00PM ET,MIN,7.84
RW,Kevin Labanc (14426066),Kevin Labanc,14426066,W/UTIL,4500,COL@SJ 03/08/2020 10:00PM ET,SJ,7.67
RW,Andre Burakovsky (14426068),Andre Burakovsky,14426068,W/UTIL,4500,COL@SJ 03/08/2020 10:00PM ET,COL,8.82
D,Erik Johnson (14426408),Erik Johnson,14426408,D/UTIL,4500,COL@SJ 03/08/2020 10:00PM ET,COL,8.06
RW,Alex Killorn (14426072),Alex Killorn,14426072,W/UTIL,4400,TB@DET 03/08/2020 05:00PM ET,TB,8.48
C,Paul Stastny (14425854),Paul Stastny,14425854,C/UTIL,4400,VGK@CGY 03/08/2020 07:00PM ET,VGK,7.26
D,Jonas Brodin (14426414),Jonas Brodin,14426414,D/UTIL,4400,MIN@ANH 03/08/2020 09:00PM ET,MIN,7.1
LW,Nick Foligno (14426070),Nick Foligno,14426070,W/UTIL,4400,CLS@VAN 03/08/2020 10:00PM ET,CLS,7.23
D,David Savard (14426412),David Savard,14426412,D/UTIL,4400,CLS@VAN 03/08/2020 10:00PM ET,CLS,7.17
LW,Tyler Bertuzzi (14426074),Tyler Bertuzzi,14426074,W/UTIL,4300,TB@DET 03/08/2020 05:00PM ET,DET,7.45
RW,Filip Zadina (14426076),Filip Zadina,14426076,W/UTIL,4300,TB@DET 03/08/2020 05:00PM ET,DET,7.57
D,Ryan Murray (14426416),Ryan Murray,14426416,D/UTIL,4300,CLS@VAN 03/08/2020 10:00PM ET,CLS,7.29
D,Tyler Myers (14426418),Tyler Myers,14426418,D/UTIL,4300,CLS@VAN 03/08/2020 10:00PM ET,VAN,7.71
C,J.T. Compher (14425856),J.T. Compher,14425856,C/UTIL,4300,COL@SJ 03/08/2020 10:00PM ET,COL,6.70
D,Kevin Shattenkirk (14426422),Kevin Shattenkirk,14426422,D/UTIL,4200,TB@DET 03/08/2020 05:00PM ET,TB,7.44
C,Robert Thomas (14425858),Robert Thomas,14425858,C/UTIL,4200,STL@CHI 03/08/2020 07:30PM ET,STL,6.24
LW,Zach Sanford (14426078),Zach Sanford,14426078,W/UTIL,4200,STL@CHI 03/08/2020 07:30PM ET,STL,7.10
RW,Jake Virtanen (14426080),Jake Virtanen,14426080,W/UTIL,4200,CLS@VAN 03/08/2020 10:00PM ET,VAN,7.65
D,Ian Cole (14426420),Ian Cole,14426420,D/UTIL,4200,COL@SJ 03/08/2020 10:00PM ET,COL,7.67
D,Erik Cernak (14426424),Erik Cernak,14426424,D/UTIL,4100,TB@DET 03/08/2020 05:00PM ET,TB,6.53
C,Dylan Strome (14425860),Dylan Strome,14425860,C/UTIL,4100,STL@CHI 03/08/2020 07:30PM ET,CHI,7.52
RW,Alex Tuch (14426084),Alex Tuch,14426084,W/UTIL,4100,VGK@CGY 03/08/2020 07:00PM ET,VGK,7.13
D,Christopher Tanev (14426426),Christopher Tanev,14426426,D/UTIL,4100,CLS@VAN 03/08/2020 10:00PM ET,VAN,7.02
RW,Joonas Donskoi (14426082),Joonas Donskoi,14426082,W/UTIL,4100,COL@SJ 03/08/2020 10:00PM ET,COL,7.30
RW,Tyler Johnson (14426088),Tyler Johnson,14426088,W/UTIL,4000,TB@DET 03/08/2020 05:00PM ET,TB,6.57
D,Patrik Nemeth (14426428),Patrik Nemeth,14426428,D/UTIL,4000,TB@DET 03/08/2020 05:00PM ET,DET,5.21
D,Vince Dunn (14426430),Vince Dunn,14426430,D/UTIL,4000,STL@CHI 03/08/2020 07:30PM ET,STL,6.32
C,Luke Kunin (14425862),Luke Kunin,14425862,C/UTIL,4000,MIN@ANH 03/08/2020 09:00PM ET,MIN,7.74
D,Cam Fowler (14426432),Cam Fowler,14426432,D/UTIL,4000,MIN@ANH 03/08/2020 09:00PM ET,ANH,7.65
RW,Vladislav Namestnikov (14426086),Vladislav Namestnikov,14426086,W/UTIL,4000,COL@SJ 03/08/2020 10:00PM ET,COL,6.66
LW,Robby Fabbri (14426090),Robby Fabbri,14426090,W/UTIL,3900,TB@DET 03/08/2020 05:00PM ET,DET,6.61
C,Joel Eriksson Ek (14425864),Joel Eriksson Ek,14425864,C/UTIL,3900,MIN@ANH 03/08/2020 09:00PM ET,MIN,6.42
D,Michael Del Zotto (14426434),Michael Del Zotto,14426434,D/UTIL,3900,MIN@ANH 03/08/2020 09:00PM ET,ANH,5.23
D,Brendan Guhle (14426436),Brendan Guhle,14426436,D/UTIL,3900,MIN@ANH 03/08/2020 09:00PM ET,ANH,6.21
RW,Stefan Matteau (14426092),Stefan Matteau,14426092,W/UTIL,3900,CLS@VAN 03/08/2020 10:00PM ET,CLS,9.31
D,Madison Bowey (14426096),Madison Bowey,14426096,D/UTIL,3800,TB@DET 03/08/2020 05:00PM ET,DET,5.49
C,Tyler Bozak (14425866),Tyler Bozak,14425866,C/UTIL,3800,STL@CHI 03/08/2020 07:30PM ET,STL,6.30
LW,Andrew Mangiapane (14426094),Andrew Mangiapane,14426094,W/UTIL,3800,VGK@CGY 03/08/2020 07:00PM ET,CGY,6.28
D,Noah Hanifin (14426440),Noah Hanifin,14426440,D/UTIL,3800,VGK@CGY 03/08/2020 07:00PM ET,CGY,6.83
D,Vladislav Gavrikov (14426438),Vladislav Gavrikov,14426438,D/UTIL,3800,CLS@VAN 03/08/2020 10:00PM ET,CLS,5.49
LW,Barclay Goodrow (14426098),Barclay Goodrow,14426098,W/UTIL,3700,TB@DET 03/08/2020 05:00PM ET,TB,6.23
D,Justin Faulk (14426444),Justin Faulk,14426444,D/UTIL,3700,STL@CHI 03/08/2020 07:30PM ET,STL,6.46
C,Derek Ryan (14425868),Derek Ryan,14425868,C/UTIL,3700,VGK@CGY 03/08/2020 07:00PM ET,CGY,5.74
D,Erik Gustafsson (14426442),Erik Gustafsson,14426442,D/UTIL,3700,VGK@CGY 03/08/2020 07:00PM ET,CGY,6.09
RW,Josh Leivo (14426100),Josh Leivo,14426100,W/UTIL,3700,CLS@VAN 03/08/2020 10:00PM ET,VAN,6.61
C,Oskar Sundqvist (14425870),Oskar Sundqvist,14425870,C/UTIL,3600,STL@CHI 03/08/2020 07:30PM ET,STL,6.47
D,Brayden McNabb (14426446),Brayden McNabb,14426446,D/UTIL,3600,VGK@CGY 03/08/2020 07:00PM ET,VGK,5.60
RW,Mats Zuccarello (14426104),Mats Zuccarello,14426104,W/UTIL,3600,MIN@ANH 03/08/2020 09:00PM ET,MIN,6.75
D,Markus Nutivaara (14426448),Markus Nutivaara,14426448,D/UTIL,3600,CLS@VAN 03/08/2020 10:00PM ET,CLS,5.08
LW,Tyson Jost (14426102),Tyson Jost,14426102,W/UTIL,3600,COL@SJ 03/08/2020 10:00PM ET,COL,5.26
D,Ryan McDonagh (14426450),Ryan McDonagh,14426450,D/UTIL,3500,TB@DET 03/08/2020 05:00PM ET,TB,6.47
D,Travis Hamonic (14426452),Travis Hamonic,14426452,D/UTIL,3500,VGK@CGY 03/08/2020 07:00PM ET,CGY,7.96
C,Alex Galchenyuk (14425872),Alex Galchenyuk,14425872,C/UTIL,3500,MIN@ANH 03/08/2020 09:00PM ET,MIN,4.95
RW,Danton Heinen (14426106),Danton Heinen,14426106,W/UTIL,3500,MIN@ANH 03/08/2020 09:00PM ET,ANH,5.67
LW,Valeri Nichushkin (14426108),Valeri Nichushkin,14426108,W/UTIL,3500,COL@SJ 03/08/2020 10:00PM ET,COL,6
D,Rasmus Andersson (14426456),Rasmus Andersson,14426456,D/UTIL,3400,VGK@CGY 03/08/2020 07:00PM ET,CGY,6.42
C,Adam Gaudette (14425874),Adam Gaudette,14425874,C/UTIL,3400,CLS@VAN 03/08/2020 10:00PM ET,VAN,5.79
LW,Kevin Stenlund (14426110),Kevin Stenlund,14426110,W/UTIL,3400,CLS@VAN 03/08/2020 10:00PM ET,CLS,6.02
RW,Josh Anderson (14426112),Josh Anderson,14426112,W/UTIL,3400,CLS@VAN 03/08/2020 10:00PM ET,CLS,5.54
D,Troy Stecher (14426454),Troy Stecher,14426454,D/UTIL,3400,CLS@VAN 03/08/2020 10:00PM ET,VAN,4.88
RW,Sam Gagner (14426116),Sam Gagner,14426116,W/UTIL,3300,TB@DET 03/08/2020 05:00PM ET,DET,5.59
C,Andrew Shaw (14425876),Andrew Shaw,14425876,C/UTIL,3300,STL@CHI 03/08/2020 07:30PM ET,CHI,5.66
LW,Sonny Milano (14426114),Sonny Milano,14426114,W/UTIL,3300,MIN@ANH 03/08/2020 09:00PM ET,ANH,4.94
D,Josh Manson (14426460),Josh Manson,14426460,D/UTIL,3300,MIN@ANH 03/08/2020 09:00PM ET,ANH,4.97
D,Marc-Edouard Vlasic (14426458),Marc-Edouard Vlasic,14426458,D/UTIL,3300,COL@SJ 03/08/2020 10:00PM ET,SJ,5.26
RW,Yanni Gourde (14426120),Yanni Gourde,14426120,W/UTIL,3200,TB@DET 03/08/2020 05:00PM ET,TB,5.52
C,Chandler Stephenson (14425878),Chandler Stephenson,14425878,C/UTIL,3200,VGK@CGY 03/08/2020 07:00PM ET,VGK,4.97
D,Matt Irwin (14426462),Matt Irwin,14426462,D/UTIL,3200,MIN@ANH 03/08/2020 09:00PM ET,ANH,5.26
D,Brad Hunt (14426464),Brad Hunt,14426464,D/UTIL,3200,MIN@ANH 03/08/2020 09:00PM ET,MIN,5.81
LW,Alexander Wennberg (14426118),Alexander Wennberg,14426118,W/UTIL,3200,CLS@VAN 03/08/2020 10:00PM ET,CLS,4.97
C,Cedric Paquette (14425880),Cedric Paquette,14425880,C/UTIL,3100,TB@DET 03/08/2020 05:00PM ET,TB,4.99
D,Olli Maatta (14426466),Olli Maatta,14426466,D/UTIL,3100,STL@CHI 03/08/2020 07:30PM ET,CHI,6.32
D,Brent Seabrook (14426468),Brent Seabrook,14426468,D/UTIL,3100,STL@CHI 03/08/2020 07:30PM ET,CHI,6.62
LW,Jordan Greenway (14426124),Jordan Greenway,14426124,W/UTIL,3100,MIN@ANH 03/08/2020 09:00PM ET,MIN,5.57
RW,Emil Bemstrom (14426122),Emil Bemstrom,14426122,W/UTIL,3100,CLS@VAN 03/08/2020 10:00PM ET,CLS,5.42
LW,Alexander Steen (14426126),Alexander Steen,14426126,W/UTIL,3000,STL@CHI 03/08/2020 07:30PM ET,STL,5.43
D,Marco Scandella (14426470),Marco Scandella,14426470,D/UTIL,3000,STL@CHI 03/08/2020 07:30PM ET,STL,4.6
D,Michael Stone (14426476),Michael Stone,14426476,D/UTIL,3000,VGK@CGY 03/08/2020 07:00PM ET,CGY,6.63
RW,Nathan Gerbe (14426128),Nathan Gerbe,14426128,W/UTIL,3000,CLS@VAN 03/08/2020 10:00PM ET,CLS,5.43
D,Oscar Fantenberg (14426472),Oscar Fantenberg,14426472,D/UTIL,3000,CLS@VAN 03/08/2020 10:00PM ET,VAN,5.83
D,Jordie Benn (14426474),Jordie Benn,14426474,D/UTIL,3000,CLS@VAN 03/08/2020 10:00PM ET,VAN,5.50
C,Pierre-Edouard Bellemare (14425882),Pierre-Edouard Bellemare,14425882,C/UTIL,3000,COL@SJ 03/08/2020 10:00PM ET,COL,4.99
D,Zach Bogosian (14426484),Zach Bogosian,14426484,D/UTIL,2900,TB@DET 03/08/2020 05:00PM ET,TB,4.48
C,Kirby Dach (14425884),Kirby Dach,14425884,C/UTIL,2900,STL@CHI 03/08/2020 07:30PM ET,CHI,5.11
D,Carl Gunnarsson (14426478),Carl Gunnarsson,14426478,D/UTIL,2900,STL@CHI 03/08/2020 07:30PM ET,STL,5.16
RW,Nick Cousins (14426132),Nick Cousins,14426132,W/UTIL,2900,VGK@CGY 03/08/2020 07:00PM ET,VGK,5.79
D,Nick Holden (14426482),Nick Holden,14426482,D/UTIL,2900,VGK@CGY 03/08/2020 07:00PM ET,VGK,5.88
LW,Ryan Donato (14426134),Ryan Donato,14426134,W/UTIL,2900,MIN@ANH 03/08/2020 09:00PM ET,MIN,5.53
RW,Matt Nieto (14426130),Matt Nieto,14426130,W/UTIL,2900,COL@SJ 03/08/2020 10:00PM ET,COL,4.38
D,Kevin Connauton (14426480),Kevin Connauton,14426480,D/UTIL,2900,COL@SJ 03/08/2020 10:00PM ET,COL,7.1
LW,Alex Nylander (14426136),Alex Nylander,14426136,W/UTIL,2800,STL@CHI 03/08/2020 07:30PM ET,CHI,4.82
RW,Drake Caggiula (14426138),Drake Caggiula,14426138,W/UTIL,2800,STL@CHI 03/08/2020 07:30PM ET,CHI,5.43
D,Slater Koekkoek (14426488),Slater Koekkoek,14426488,D/UTIL,2800,STL@CHI 03/08/2020 07:30PM ET,CHI,5.07
D,Adam Boqvist (14426490),Adam Boqvist,14426490,D/UTIL,2800,STL@CHI 03/08/2020 07:30PM ET,CHI,5.25
D,T.J. Brodie (14426486),T.J. Brodie,14426486,D/UTIL,2800,VGK@CGY 03/08/2020 07:00PM ET,CGY,5.30
C,Sam Steel (14425888),Sam Steel,14425888,C/UTIL,2800,MIN@ANH 03/08/2020 09:00PM ET,ANH,4.62
LW,Marcus Foligno (14426140),Marcus Foligno,14426140,W/UTIL,2800,MIN@ANH 03/08/2020 09:00PM ET,MIN,5.87
C,Brandon Sutter (14425890),Brandon Sutter,14425890,C/UTIL,2800,CLS@VAN 03/08/2020 10:00PM ET,VAN,6.08
C,Joe Thornton (14425886),Joe Thornton,14425886,C/UTIL,2800,COL@SJ 03/08/2020 10:00PM ET,SJ,4.66
D,Brandon Davidson (14426492),Brandon Davidson,14426492,D/UTIL,2800,COL@SJ 03/08/2020 10:00PM ET,SJ,5.64
C,Valtteri Filppula (14425892),Valtteri Filppula,14425892,C/UTIL,2700,TB@DET 03/08/2020 05:00PM ET,DET,3.85
C,Luke Glendening (14425894),Luke Glendening,14425894,C/UTIL,2700,TB@DET 03/08/2020 05:00PM ET,DET,4.72
RW,Dillon Dube (14426142),Dillon Dube,14426142,W/UTIL,2700,VGK@CGY 03/08/2020 07:00PM ET,CGY,4.6
C,Mikko Koivu (14425896),Mikko Koivu,14425896,C/UTIL,2700,MIN@ANH 03/08/2020 09:00PM ET,MIN,5.10
RW,Ryan Hartman (14426144),Ryan Hartman,14426144,W/UTIL,2700,MIN@ANH 03/08/2020 09:00PM ET,MIN,5.64
RW,Matt Calvert (14426146),Matt Calvert,14426146,W/UTIL,2700,COL@SJ 03/08/2020 10:00PM ET,COL,6.92
D,Radim Simek (14426494),Radim Simek,14426494,D/UTIL,2700,COL@SJ 03/08/2020 10:00PM ET,SJ,4.57
D,Mario Ferraro (14426496),Mario Ferraro,14426496,D/UTIL,2700,COL@SJ 03/08/2020 10:00PM ET,SJ,4.03
D,Mark Barberio (14426498),Mark Barberio,14426498,D/UTIL,2700,COL@SJ 03/08/2020 10:00PM ET,COL,4.27
D,Nikita Zadorov (14426500),Nikita Zadorov,14426500,D/UTIL,2700,COL@SJ 03/08/2020 10:00PM ET,COL,4.39
LW,Darren Helm (14426150),Darren Helm,14426150,W/UTIL,2600,TB@DET 03/08/2020 05:00PM ET,DET,4.51
C,Tomas Nosek (14425902),Tomas Nosek,14425902,C/UTIL,2600,VGK@CGY 03/08/2020 07:00PM ET,VGK,4.35
D,Deryk Engelland (14426506),Deryk Engelland,14426506,D/UTIL,2600,VGK@CGY 03/08/2020 07:00PM ET,VGK,5.67
LW,Troy Terry (14426152),Troy Terry,14426152,W/UTIL,2600,MIN@ANH 03/08/2020 09:00PM ET,ANH,4.6
D,Jacob Larsson (14426502),Jacob Larsson,14426502,D/UTIL,2600,MIN@ANH 03/08/2020 09:00PM ET,ANH,4.09
D,Greg Pateryn (14426504),Greg Pateryn,14426504,D/UTIL,2600,MIN@ANH 03/08/2020 09:00PM ET,MIN,5.00
D,Erik Gudbranson (14426508),Erik Gudbranson,14426508,D/UTIL,2600,MIN@ANH 03/08/2020 09:00PM ET,ANH,5.56
C,Devin Shore (14425900),Devin Shore,14425900,C/UTIL,2600,CLS@VAN 03/08/2020 10:00PM ET,CLS,4
RW,Loui Eriksson (14426148),Loui Eriksson,14426148,W/UTIL,2600,CLS@VAN 03/08/2020 10:00PM ET,VAN,4.01
C,Joel Kellman (14425898),Joel Kellman,14425898,C/UTIL,2600,COL@SJ 03/08/2020 10:00PM ET,SJ,3.87
C,Mitchell Stephens (14425906),Mitchell Stephens,14425906,C/UTIL,2500,TB@DET 03/08/2020 05:00PM ET,TB,3.11
C,Frans Nielsen (14425916),Frans Nielsen,14425916,C/UTIL,2500,TB@DET 03/08/2020 05:00PM ET,DET,4.07
C,Alex Barre-Boulet (14425974),Alex Barre-Boulet,14425974,C/UTIL,2500,TB@DET 03/08/2020 05:00PM ET,TB,0
C,Dominic Turgeon (14425976),Dominic Turgeon,14425976,C/UTIL,2500,TB@DET 03/08/2020 05:00PM ET,DET,0
C,Kyle Brodziak (14425978),Kyle Brodziak,14425978,C/UTIL,2500,TB@DET 03/08/2020 05:00PM ET,DET,0
C,Joseph Veleno (14425980),Joseph Veleno,14425980,C/UTIL,2500,TB@DET 03/08/2020 05:00PM ET,DET,0
RW,Brendan Perlini (14426176),Brendan Perlini,14426176,W/UTIL,2500,TB@DET 03/08/2020 05:00PM ET,DET,2.78
LW,Pat Maroon (14426210),Pat Maroon,14426210,W/UTIL,2500,TB@DET 03/08/2020 05:00PM ET,TB,4.48
LW,Dmytro Timashov (14426212),Dmytro Timashov,14426212,W/UTIL,2500,TB@DET 03/08/2020 05:00PM ET,DET,3.07
LW,Carter Verhaeghe (14426232),Carter Verhaeghe,14426232,W/UTIL,2500,TB@DET 03/08/2020 05:00PM ET,TB,3.86
RW,Justin Abdelkader (14426234),Justin Abdelkader,14426234,W/UTIL,2500,TB@DET 03/08/2020 05:00PM ET,DET,2.39
LW,Christoffer Ehn (14426236),Christoffer Ehn,14426236,W/UTIL,2500,TB@DET 03/08/2020 05:00PM ET,DET,1.78
RW,Adam Erne (14426242),Adam Erne,14426242,W/UTIL,2500,TB@DET 03/08/2020 05:00PM ET,DET,2.95
RW,Mathieu Joseph (14426318),Mathieu Joseph,14426318,W/UTIL,2500,TB@DET 03/08/2020 05:00PM ET,TB,3.15
RW,Cory Conacher (14426320),Cory Conacher,14426320,W/UTIL,2500,TB@DET 03/08/2020 05:00PM ET,TB,3.45
RW,Luke Witkowski (14426322),Luke Witkowski,14426322,W/UTIL,2500,TB@DET 03/08/2020 05:00PM ET,TB,3.12
RW,Alexander Volkov (14426324),Alexander Volkov,14426324,W/UTIL,2500,TB@DET 03/08/2020 05:00PM ET,TB,2.01
LW,Dennis Yan (14426326),Dennis Yan,14426326,W/UTIL,2500,TB@DET 03/08/2020 05:00PM ET,TB,0
RW,Taylor Raddysh (14426328),Taylor Raddysh,14426328,W/UTIL,2500,TB@DET 03/08/2020 05:00PM ET,TB,0
LW,Taro Hirose (14426330),Taro Hirose,14426330,W/UTIL,2500,TB@DET 03/08/2020 05:00PM ET,DET,3.74
LW,Givani Smith (14426332),Givani Smith,14426332,W/UTIL,2500,TB@DET 03/08/2020 05:00PM ET,DET,2.80
RW,Evgeny Svechnikov (14426334),Evgeny Svechnikov,14426334,W/UTIL,2500,TB@DET 03/08/2020 05:00PM ET,DET,2.95
RW,Michael Rasmussen (14426336),Michael Rasmussen,14426336,W/UTIL,2500,TB@DET 03/08/2020 05:00PM ET,DET,0
LW,Matt Puempel (14426338),Matt Puempel,14426338,W/UTIL,2500,TB@DET 03/08/2020 05:00PM ET,DET,0
D,Alex Biega (14426510),Alex Biega,14426510,D/UTIL,2500,TB@DET 03/08/2020 05:00PM ET,DET,3.45
D,Trevor Daley (14426514),Trevor Daley,14426514,D/UTIL,2500,TB@DET 03/08/2020 05:00PM ET,DET,3.93
D,Braydon Coburn (14426530),Braydon Coburn,14426530,D/UTIL,2500,TB@DET 03/08/2020 05:00PM ET,TB,3.23
D,Jonathan Ericsson (14426532),Jonathan Ericsson,14426532,D/UTIL,2500,TB@DET 03/08/2020 05:00PM ET,DET,2.65
D,Gustav Lindstrom (14426534),Gustav Lindstrom,14426534,D/UTIL,2500,TB@DET 03/08/2020 05:00PM ET,DET,2.54
D,Luke Schenn (14426552),Luke Schenn,14426552,D/UTIL,2500,TB@DET 03/08/2020 05:00PM ET,TB,3.58
D,Cody Goloubef (14426554),Cody Goloubef,14426554,D/UTIL,2500,TB@DET 03/08/2020 05:00PM ET,DET,3.10
D,Jan Rutta (14426570),Jan Rutta,14426570,D/UTIL,2500,TB@DET 03/08/2020 05:00PM ET,TB,4.22
D,Cameron Gaunce (14426624),Cameron Gaunce,14426624,D/UTIL,2500,TB@DET 03/08/2020 05:00PM ET,TB,11.2
D,Daniel Walcott (14426626),Daniel Walcott,14426626,D/UTIL,2500,TB@DET 03/08/2020 05:00PM ET,TB,0
D,Callan Foote (14426628),Callan Foote,14426628,D/UTIL,2500,TB@DET 03/08/2020 05:00PM ET,TB,0
D,Brian Lashoff (14426630),Brian Lashoff,14426630,D/UTIL,2500,TB@DET 03/08/2020 05:00PM ET,DET,2.9
D,Dennis Cholowski (14426632),Dennis Cholowski,14426632,D/UTIL,2500,TB@DET 03/08/2020 05:00PM ET,DET,4.78
D,Joe Hicketts (14426634),Joe Hicketts,14426634,D/UTIL,2500,TB@DET 03/08/2020 05:00PM ET,DET,7.48
D,Dylan McIlrath (14426636),Dylan McIlrath,14426636,D/UTIL,2500,TB@DET 03/08/2020 05:00PM ET,DET,2.48
C,David Kampf (14425910),David Kampf,14425910,C/UTIL,2500,STL@CHI 03/08/2020 07:30PM ET,CHI,4.08
C,Troy Brouwer (14425922),Troy Brouwer,14425922,C/UTIL,2500,STL@CHI 03/08/2020 07:30PM ET,STL,2.64
C,Jacob Nilsson (14425934),Jacob Nilsson,14425934,C/UTIL,2500,STL@CHI 03/08/2020 07:30PM ET,CHI,0
C,Mike Vecchione (14425944),Mike Vecchione,14425944,C/UTIL,2500,STL@CHI 03/08/2020 07:30PM ET,STL,0
RW,Jordan Kyrou (14426162),Jordan Kyrou,14426162,W/UTIL,2500,STL@CHI 03/08/2020 07:30PM ET,STL,4.50
RW,Ryan Carpenter (14426186),Ryan Carpenter,14426186,W/UTIL,2500,STL@CHI 03/08/2020 07:30PM ET,CHI,4.16
LW,Matthew Highmore (14426188),Matthew Highmore,14426188,W/UTIL,2500,STL@CHI 03/08/2020 07:30PM ET,CHI,2.81
LW,Ivan Barbashev (14426192),Ivan Barbashev,14426192,W/UTIL,2500,STL@CHI 03/08/2020 07:30PM ET,STL,4.99
RW,Sammy Blais (14426194),Sammy Blais,14426194,W/UTIL,2500,STL@CHI 03/08/2020 07:30PM ET,STL,4.74
RW,Zack Smith (14426218),Zack Smith,14426218,W/UTIL,2500,STL@CHI 03/08/2020 07:30PM ET,CHI,3.22
LW,Jacob de la Rose (14426222),Jacob de la Rose,14426222,W/UTIL,2500,STL@CHI 03/08/2020 07:30PM ET,STL,2.84
LW,MacKenzie MacEachern (14426240),MacKenzie MacEachern,14426240,W/UTIL,2500,STL@CHI 03/08/2020 07:30PM ET,STL,3.78
LW,Anton Wedin (14426254),Anton Wedin,14426254,W/UTIL,2500,STL@CHI 03/08/2020 07:30PM ET,CHI,1.08
RW,John Quenneville (14426256),John Quenneville,14426256,W/UTIL,2500,STL@CHI 03/08/2020 07:30PM ET,CHI,2.77
LW,Dylan Sikura (14426258),Dylan Sikura,14426258,W/UTIL,2500,STL@CHI 03/08/2020 07:30PM ET,CHI,4.01
LW,Brandon Hagel (14426260),Brandon Hagel,14426260,W/UTIL,2500,STL@CHI 03/08/2020 07:30PM ET,CHI,0
LW,Alexandre Fortin (14426262),Alexandre Fortin,14426262,W/UTIL,2500,STL@CHI 03/08/2020 07:30PM ET,CHI,0
LW,Nathan Walker (14426272),Nathan Walker,14426272,W/UTIL,2500,STL@CHI 03/08/2020 07:30PM ET,STL,4.76
RW,Austin Poganski (14426274),Austin Poganski,14426274,W/UTIL,2500,STL@CHI 03/08/2020 07:30PM ET,STL,0
LW,Klim Kostin (14426276),Klim Kostin,14426276,W/UTIL,2500,STL@CHI 03/08/2020 07:30PM ET,STL,4
LW,Jordan Nolan (14426278),Jordan Nolan,14426278,W/UTIL,2500,STL@CHI 03/08/2020 07:30PM ET,STL,0
RW,Nick Lappin (14426280),Nick Lappin,14426280,W/UTIL,2500,STL@CHI 03/08/2020 07:30PM ET,STL,0
D,Nick Seeler (14426512),Nick Seeler,14426512,D/UTIL,2500,STL@CHI 03/08/2020 07:30PM ET,CHI,3.54
D,Robert Bortuzzo (14426520),Robert Bortuzzo,14426520,D/UTIL,2500,STL@CHI 03/08/2020 07:30PM ET,STL,3.54
D,Calvin de Haan (14426538),Calvin de Haan,14426538,D/UTIL,2500,STL@CHI 03/08/2020 07:30PM ET,CHI,8.57
D,Lucas Carlsson (14426540),Lucas Carlsson,14426540,D/UTIL,2500,STL@CHI 03/08/2020 07:30PM ET,CHI,2.34
D,Jay Bouwmeester (14426566),Jay Bouwmeester,14426566,D/UTIL,2500,STL@CHI 03/08/2020 07:30PM ET,STL,4.22
D,Dennis Gilbert (14426576),Dennis Gilbert,14426576,D/UTIL,2500,STL@CHI 03/08/2020 07:30PM ET,CHI,4.35
D,Ian McCoshen (14426578),Ian McCoshen,14426578,D/UTIL,2500,STL@CHI 03/08/2020 07:30PM ET,CHI,0
D,Nicolas Beaudin (14426580),Nicolas Beaudin,14426580,D/UTIL,2500,STL@CHI 03/08/2020 07:30PM ET,CHI,0
D,Derrick Pouliot (14426584),Derrick Pouliot,14426584,D/UTIL,2500,STL@CHI 03/08/2020 07:30PM ET,STL,1.4
D,Niko Mikkola (14426586),Niko Mikkola,14426586,D/UTIL,2500,STL@CHI 03/08/2020 07:30PM ET,STL,4.78
D,Jake Walman (14426588),Jake Walman,14426588,D/UTIL,2500,STL@CHI 03/08/2020 07:30PM ET,STL,2.8
D,Jake Dotchin (14426590),Jake Dotchin,14426590,D/UTIL,2500,STL@CHI 03/08/2020 07:30PM ET,STL,0
D,Mitch Reinke (14426592),Mitch Reinke,14426592,D/UTIL,2500,STL@CHI 03/08/2020 07:30PM ET,STL,0
D,Petteri Lindbohm (14426594),Petteri Lindbohm,14426594,D/UTIL,2500,STL@CHI 03/08/2020 07:30PM ET,STL,0
C,Mark Jankowski (14425914),Mark Jankowski,14425914,C/UTIL,2500,VGK@CGY 03/08/2020 07:00PM ET,CGY,2.82
C,Alan Quine (14425962),Alan Quine,14425962,C/UTIL,2500,VGK@CGY 03/08/2020 07:00PM ET,CGY,3.23
C,Matthew Phillips (14425964),Matthew Phillips,14425964,C/UTIL,2500,VGK@CGY 03/08/2020 07:00PM ET,CGY,0
C,Byron Froese (14425966),Byron Froese,14425966,C/UTIL,2500,VGK@CGY 03/08/2020 07:00PM ET,CGY,0
C,Patrick Brown (14425968),Patrick Brown,14425968,C/UTIL,2500,VGK@CGY 03/08/2020 07:00PM ET,VGK,11.5
C,Gage Quinney (14425970),Gage Quinney,14425970,C/UTIL,2500,VGK@CGY 03/08/2020 07:00PM ET,VGK,2.67
C,Peyton Krebs (14425972),Peyton Krebs,14425972,C/UTIL,2500,VGK@CGY 03/08/2020 07:00PM ET,VGK,0
RW,Nicolas Roy (14426156),Nicolas Roy,14426156,W/UTIL,2500,VGK@CGY 03/08/2020 07:00PM ET,VGK,4.60
LW,Milan Lucic (14426172),Milan Lucic,14426172,W/UTIL,2500,VGK@CGY 03/08/2020 07:00PM ET,CGY,3.96
LW,Brandon Pirri (14426174),Brandon Pirri,14426174,W/UTIL,2500,VGK@CGY 03/08/2020 07:00PM ET,VGK,3.3
RW,Sam Bennett (14426202),Sam Bennett,14426202,W/UTIL,2500,VGK@CGY 03/08/2020 07:00PM ET,CGY,4.47
LW,Tobias Rieder (14426204),Tobias Rieder,14426204,W/UTIL,2500,VGK@CGY 03/08/2020 07:00PM ET,CGY,3.95
RW,Ryan Reaves (14426206),Ryan Reaves,14426206,W/UTIL,2500,VGK@CGY 03/08/2020 07:00PM ET,VGK,3.12
LW,William Carrier (14426208),William Carrier,14426208,W/UTIL,2500,VGK@CGY 03/08/2020 07:00PM ET,VGK,4.07
LW,Zac Rinaldo (14426230),Zac Rinaldo,14426230,W/UTIL,2500,VGK@CGY 03/08/2020 07:00PM ET,CGY,4.3
RW,Buddy Robinson (14426298),Buddy Robinson,14426298,W/UTIL,2500,VGK@CGY 03/08/2020 07:00PM ET,CGY,4.8
RW,Austin Czarnik (14426300),Austin Czarnik,14426300,W/UTIL,2500,VGK@CGY 03/08/2020 07:00PM ET,CGY,4.76
LW,Justin Kirkland (14426302),Justin Kirkland,14426302,W/UTIL,2500,VGK@CGY 03/08/2020 07:00PM ET,CGY,0
RW,Spencer Foo (14426304),Spencer Foo,14426304,W/UTIL,2500,VGK@CGY 03/08/2020 07:00PM ET,CGY,0
LW,Ryan Lomberg (14426306),Ryan Lomberg,14426306,W/UTIL,2500,VGK@CGY 03/08/2020 07:00PM ET,CGY,0
LW,Jakob Pelletier (14426308),Jakob Pelletier,14426308,W/UTIL,2500,VGK@CGY 03/08/2020 07:00PM ET,CGY,0
RW,Cody Glass (14426310),Cody Glass,14426310,W/UTIL,2500,VGK@CGY 03/08/2020 07:00PM ET,VGK,4.23
LW,Valentin Zykov (14426312),Valentin Zykov,14426312,W/UTIL,2500,VGK@CGY 03/08/2020 07:00PM ET,VGK,3.93
LW,Tyrell Goulbourne (14426314),Tyrell Goulbourne,14426314,W/UTIL,2500,VGK@CGY 03/08/2020 07:00PM ET,VGK,0
LW,Curtis McKenzie (14426316),Curtis McKenzie,14426316,W/UTIL,2500,VGK@CGY 03/08/2020 07:00PM ET,VGK,0
D,Derek Forbort (14426526),Derek Forbort,14426526,D/UTIL,2500,VGK@CGY 03/08/2020 07:00PM ET,CGY,4.54
D,Zach Whitecloud (14426528),Zach Whitecloud,14426528,D/UTIL,2500,VGK@CGY 03/08/2020 07:00PM ET,VGK,2.93
D,Oliver Kylington (14426548),Oliver Kylington,14426548,D/UTIL,2500,VGK@CGY 03/08/2020 07:00PM ET,CGY,3.02
D,Jon Merrill (14426550),Jon Merrill,14426550,D/UTIL,2500,VGK@CGY 03/08/2020 07:00PM ET,VGK,4.43
D,Juuso Valimaki (14426568),Juuso Valimaki,14426568,D/UTIL,2500,VGK@CGY 03/08/2020 07:00PM ET,CGY,0
D,Alexander Yelesin (14426612),Alexander Yelesin,14426612,D/UTIL,2500,VGK@CGY 03/08/2020 07:00PM ET,CGY,0.75
D,Rinat Valiev (14426614),Rinat Valiev,14426614,D/UTIL,2500,VGK@CGY 03/08/2020 07:00PM ET,CGY,0
D,Jake Bischoff (14426616),Jake Bischoff,14426616,D/UTIL,2500,VGK@CGY 03/08/2020 07:00PM ET,VGK,6.35
D,Nicolas Hague (14426618),Nicolas Hague,14426618,D/UTIL,2500,VGK@CGY 03/08/2020 07:00PM ET,VGK,4.72
D,Jaycob Megna (14426620),Jaycob Megna,14426620,D/UTIL,2500,VGK@CGY 03/08/2020 07:00PM ET,VGK,0
D,Jimmy Schuldt (14426622),Jimmy Schuldt,14426622,D/UTIL,2500,VGK@CGY 03/08/2020 07:00PM ET,VGK,0
C,David Backes (14425912),David Backes,14425912,C/UTIL,2500,MIN@ANH 03/08/2020 09:00PM ET,ANH,4.10
C,Ryan Kesler (14425926),Ryan Kesler,14425926,C/UTIL,2500,MIN@ANH 03/08/2020 09:00PM ET,ANH,0
C,Victor Rask (14425930),Victor Rask,14425930,C/UTIL,2500,MIN@ANH 03/08/2020 09:00PM ET,MIN,3.33
C,Isac Lundestrom (14425950),Isac Lundestrom,14425950,C/UTIL,2500,MIN@ANH 03/08/2020 09:00PM ET,ANH,3.03
C,Sam Carrick (14425952),Sam Carrick,14425952,C/UTIL,2500,MIN@ANH 03/08/2020 09:00PM ET,ANH,5.88
C,Chase De Leo (14425954),Chase De Leo,14425954,C/UTIL,2500,MIN@ANH 03/08/2020 09:00PM ET,ANH,1.5
C,Antoine Morand (14425956),Antoine Morand,14425956,C/UTIL,2500,MIN@ANH 03/08/2020 09:00PM ET,ANH,0
C,Andrew Poturalski (14425958),Andrew Poturalski,14425958,C/UTIL,2500,MIN@ANH 03/08/2020 09:00PM ET,ANH,0
C,Justin Kloos (14425960),Justin Kloos,14425960,C/UTIL,2500,MIN@ANH 03/08/2020 09:00PM ET,ANH,0
C,Luke Johnson (14425988),Luke Johnson,14425988,C/UTIL,2500,MIN@ANH 03/08/2020 09:00PM ET,MIN,0.5
C,Nico Sturm (14425990),Nico Sturm,14425990,C/UTIL,2500,MIN@ANH 03/08/2020 09:00PM ET,MIN,3.25
C,Gabriel Dumont (14425992),Gabriel Dumont,14425992,C/UTIL,2500,MIN@ANH 03/08/2020 09:00PM ET,MIN,2.37
C,Kyle Rau (14425994),Kyle Rau,14425994,C/UTIL,2500,MIN@ANH 03/08/2020 09:00PM ET,MIN,0
RW,Gerald Mayhew (14426158),Gerald Mayhew,14426158,W/UTIL,2500,MIN@ANH 03/08/2020 09:00PM ET,MIN,3.98
RW,Kiefer Sherwood (14426168),Kiefer Sherwood,14426168,W/UTIL,2500,MIN@ANH 03/08/2020 09:00PM ET,ANH,4.33
LW,Andrew Agozzino (14426170),Andrew Agozzino,14426170,W/UTIL,2500,MIN@ANH 03/08/2020 09:00PM ET,ANH,1.94
LW,Nicolas Deslauriers (14426198),Nicolas Deslauriers,14426198,W/UTIL,2500,MIN@ANH 03/08/2020 09:00PM ET,ANH,3.42
RW,Carter Rowney (14426200),Carter Rowney,14426200,W/UTIL,2500,MIN@ANH 03/08/2020 09:00PM ET,ANH,3.98
LW,Max Jones (14426226),Max Jones,14426226,W/UTIL,2500,MIN@ANH 03/08/2020 09:00PM ET,ANH,4.56
RW,Patrick Eaves (14426228),Patrick Eaves,14426228,W/UTIL,2500,MIN@ANH 03/08/2020 09:00PM ET,ANH,0
LW,Max Comtois (14426288),Max Comtois,14426288,W/UTIL,2500,MIN@ANH 03/08/2020 09:00PM ET,ANH,4.62
LW,Blake Pietila (14426290),Blake Pietila,14426290,W/UTIL,2500,MIN@ANH 03/08/2020 09:00PM ET,ANH,0
RW,Deven Sideroff (14426292),Deven Sideroff,14426292,W/UTIL,2500,MIN@ANH 03/08/2020 09:00PM ET,ANH,0
RW,Nick Sorensen (14426294),Nick Sorensen,14426294,W/UTIL,2500,MIN@ANH 03/08/2020 09:00PM ET,ANH,0
LW,Brayden Tracey (14426296),Brayden Tracey,14426296,W/UTIL,2500,MIN@ANH 03/08/2020 09:00PM ET,ANH,0
RW,J.T. Brown (14426354),J.T. Brown,14426354,W/UTIL,2500,MIN@ANH 03/08/2020 09:00PM ET,MIN,0
RW,Dmitry Sokolov (14426356),Dmitry Sokolov,14426356,W/UTIL,2500,MIN@ANH 03/08/2020 09:00PM ET,MIN,0
LW,Colton Beck (14426358),Colton Beck,14426358,W/UTIL,2500,MIN@ANH 03/08/2020 09:00PM ET,MIN,0
D,Christian Djoos (14426522),Christian Djoos,14426522,D/UTIL,2500,MIN@ANH 03/08/2020 09:00PM ET,ANH,3.8
D,Jani Hakanpaa (14426524),Jani Hakanpaa,14426524,D/UTIL,2500,MIN@ANH 03/08/2020 09:00PM ET,ANH,2.15
D,Simon Benoit (14426546),Simon Benoit,14426546,D/UTIL,2500,MIN@ANH 03/08/2020 09:00PM ET,ANH,0
D,Carson Soucy (14426560),Carson Soucy,14426560,D/UTIL,2500,MIN@ANH 03/08/2020 09:00PM ET,MIN,4.87
D,Matt Bartkowski (14426562),Matt Bartkowski,14426562,D/UTIL,2500,MIN@ANH 03/08/2020 09:00PM ET,MIN,0
D,Joel Persson (14426606),Joel Persson,14426606,D/UTIL,2500,MIN@ANH 03/08/2020 09:00PM ET,ANH,3.96
D,Josh Mahura (14426608),Josh Mahura,14426608,D/UTIL,2500,MIN@ANH 03/08/2020 09:00PM ET,ANH,5.21
D,Chris Wideman (14426610),Chris Wideman,14426610,D/UTIL,2500,MIN@ANH 03/08/2020 09:00PM ET,ANH,0
D,Brennan Menell (14426646),Brennan Menell,14426646,D/UTIL,2500,MIN@ANH 03/08/2020 09:00PM ET,MIN,2.24
D,Louie Belpedio (14426648),Louie Belpedio,14426648,D/UTIL,2500,MIN@ANH 03/08/2020 09:00PM ET,MIN,0
C,Riley Nash (14425904),Riley Nash,14425904,C/UTIL,2500,CLS@VAN 03/08/2020 10:00PM ET,CLS,3.77
C,Brandon Dubinsky (14425920),Brandon Dubinsky,14425920,C/UTIL,2500,CLS@VAN 03/08/2020 10:00PM ET,CLS,0
C,Jay Beagle (14425924),Jay Beagle,14425924,C/UTIL,2500,CLS@VAN 03/08/2020 10:00PM ET,VAN,3.53
C,Liam Foudy (14425936),Liam Foudy,14425936,C/UTIL,2500,CLS@VAN 03/08/2020 10:00PM ET,CLS,4.75
C,Calvin Thurkauf (14425938),Calvin Thurkauf,14425938,C/UTIL,2500,CLS@VAN 03/08/2020 10:00PM ET,CLS,0.5
C,Justin Scott (14425940),Justin Scott,14425940,C/UTIL,2500,CLS@VAN 03/08/2020 10:00PM ET,CLS,0
C,Zac Dalpe (14425942),Zac Dalpe,14425942,C/UTIL,2500,CLS@VAN 03/08/2020 10:00PM ET,CLS,0
C,Tyler Graovac (14425946),Tyler Graovac,14425946,C/UTIL,2500,CLS@VAN 03/08/2020 10:00PM ET,VAN,3.55
C,Reid Boucher (14425948),Reid Boucher,14425948,C/UTIL,2500,CLS@VAN 03/08/2020 10:00PM ET,VAN,0
RW,Eric Robinson (14426160),Eric Robinson,14426160,W/UTIL,2500,CLS@VAN 03/08/2020 10:00PM ET,CLS,4.12
LW,Antoine Roussel (14426164),Antoine Roussel,14426164,W/UTIL,2500,CLS@VAN 03/08/2020 10:00PM ET,VAN,4.92
RW,Zack MacEwen (14426166),Zack MacEwen,14426166,W/UTIL,2500,CLS@VAN 03/08/2020 10:00PM ET,VAN,4.35
LW,Jakob Lilja (14426190),Jakob Lilja,14426190,W/UTIL,2500,CLS@VAN 03/08/2020 10:00PM ET,CLS,2.83
LW,Tyler Motte (14426196),Tyler Motte,14426196,W/UTIL,2500,CLS@VAN 03/08/2020 10:00PM ET,VAN,4.94
RW,Ryan MacInnis (14426220),Ryan MacInnis,14426220,W/UTIL,2500,CLS@VAN 03/08/2020 10:00PM ET,CLS,2.84
LW,Micheal Ferland (14426224),Micheal Ferland,14426224,W/UTIL,2500,CLS@VAN 03/08/2020 10:00PM ET,VAN,3.83
RW,Kole Sherwood (14426264),Kole Sherwood,14426264,W/UTIL,2500,CLS@VAN 03/08/2020 10:00PM ET,CLS,3.43
LW,Marko Dano (14426266),Marko Dano,14426266,W/UTIL,2500,CLS@VAN 03/08/2020 10:00PM ET,CLS,3.3
LW,Alexandre Texier (14426268),Alexandre Texier,14426268,W/UTIL,2500,CLS@VAN 03/08/2020 10:00PM ET,CLS,4.68
RW,Lukas Sedlak (14426270),Lukas Sedlak,14426270,W/UTIL,2500,CLS@VAN 03/08/2020 10:00PM ET,CLS,0
LW,Nikolay Goldobin (14426282),Nikolay Goldobin,14426282,W/UTIL,2500,CLS@VAN 03/08/2020 10:00PM ET,VAN,0
LW,Sven Baertschi (14426284),Sven Baertschi,14426284,W/UTIL,2500,CLS@VAN 03/08/2020 10:00PM ET,VAN,3.42
RW,Justin Bailey (14426286),Justin Bailey,14426286,W/UTIL,2500,CLS@VAN 03/08/2020 10:00PM ET,VAN,0.75
D,Andrew Peeke (14426516),Andrew Peeke,14426516,D/UTIL,2500,CLS@VAN 03/08/2020 10:00PM ET,CLS,4.1
D,Scott Harrington (14426518),Scott Harrington,14426518,D/UTIL,2500,CLS@VAN 03/08/2020 10:00PM ET,CLS,4.56
D,Gabriel Carlsson (14426542),Gabriel Carlsson,14426542,D/UTIL,2500,CLS@VAN 03/08/2020 10:00PM ET,CLS,0.75
D,Guillaume Brisebois (14426544),Guillaume Brisebois,14426544,D/UTIL,2500,CLS@VAN 03/08/2020 10:00PM ET,VAN,0
D,Dean Kukan (14426564),Dean Kukan,14426564,D/UTIL,2500,CLS@VAN 03/08/2020 10:00PM ET,CLS,4.65
D,Adam Clendening (14426582),Adam Clendening,14426582,D/UTIL,2500,CLS@VAN 03/08/2020 10:00PM ET,CLS,0
D,Nikita Tryamkin (14426596),Nikita Tryamkin,14426596,D/UTIL,2500,CLS@VAN 03/08/2020 10:00PM ET,VAN,0
D,Jalen Chatfield (14426598),Jalen Chatfield,14426598,D/UTIL,2500,CLS@VAN 03/08/2020 10:00PM ET,VAN,0
D,Josh Teves (14426600),Josh Teves,14426600,D/UTIL,2500,CLS@VAN 03/08/2020 10:00PM ET,VAN,0
D,Ashton Sautner (14426602),Ashton Sautner,14426602,D/UTIL,2500,CLS@VAN 03/08/2020 10:00PM ET,VAN,1.5
D,Brogan Rafferty (14426604),Brogan Rafferty,14426604,D/UTIL,2500,CLS@VAN 03/08/2020 10:00PM ET,VAN,0
C,Vladislav Kamenev (14425908),Vladislav Kamenev,14425908,C/UTIL,2500,COL@SJ 03/08/2020 10:00PM ET,COL,3.12
C,Antti Suomela (14425918),Antti Suomela,14425918,C/UTIL,2500,COL@SJ 03/08/2020 10:00PM ET,SJ,3.92
C,Alexander True (14425928),Alexander True,14425928,C/UTIL,2500,COL@SJ 03/08/2020 10:00PM ET,SJ,3.69
C,Colin Wilson (14425932),Colin Wilson,14425932,C/UTIL,2500,COL@SJ 03/08/2020 10:00PM ET,COL,4.84
C,Maxim Letunov (14425982),Maxim Letunov,14425982,C/UTIL,2500,COL@SJ 03/08/2020 10:00PM ET,SJ,4.77
C,Manuel Wiederer (14425984),Manuel Wiederer,14425984,C/UTIL,2500,COL@SJ 03/08/2020 10:00PM ET,SJ,0
C,Jonathan Dahlen (14425986),Jonathan Dahlen,14425986,C/UTIL,2500,COL@SJ 03/08/2020 10:00PM ET,SJ,0
RW,Noah Gregor (14426154),Noah Gregor,14426154,W/UTIL,2500,COL@SJ 03/08/2020 10:00PM ET,SJ,2.85
LW,Marcus Sorensen (14426178),Marcus Sorensen,14426178,W/UTIL,2500,COL@SJ 03/08/2020 10:00PM ET,SJ,3.91
RW,Dylan Gambrell (14426180),Dylan Gambrell,14426180,W/UTIL,2500,COL@SJ 03/08/2020 10:00PM ET,SJ,3.72
RW,Logan O'Connor (14426182),Logan O'Connor,14426182,W/UTIL,2500,COL@SJ 03/08/2020 10:00PM ET,COL,3.41
LW,Sheldon Dries (14426184),Sheldon Dries,14426184,W/UTIL,2500,COL@SJ 03/08/2020 10:00PM ET,COL,1.4
RW,Stefan Noesen (14426214),Stefan Noesen,14426214,W/UTIL,2500,COL@SJ 03/08/2020 10:00PM ET,SJ,5.10
LW,Melker Karlsson (14426216),Melker Karlsson,14426216,W/UTIL,2500,COL@SJ 03/08/2020 10:00PM ET,SJ,3.43
LW,Lean Bergmann (14426238),Lean Bergmann,14426238,W/UTIL,2500,COL@SJ 03/08/2020 10:00PM ET,SJ,2.82
RW,Martin Kaut (14426244),Martin Kaut,14426244,W/UTIL,2500,COL@SJ 03/08/2020 10:00PM ET,COL,4.81
RW,Jayson Megna (14426246),Jayson Megna,14426246,W/UTIL,2500,COL@SJ 03/08/2020 10:00PM ET,COL,1.56
RW,T.J. Tynan (14426248),T.J. Tynan,14426248,W/UTIL,2500,COL@SJ 03/08/2020 10:00PM ET,COL,1.21
LW,A.J. Greer (14426250),A.J. Greer,14426250,W/UTIL,2500,COL@SJ 03/08/2020 10:00PM ET,COL,0
RW,Nick Henry (14426252),Nick Henry,14426252,W/UTIL,2500,COL@SJ 03/08/2020 10:00PM ET,COL,0
LW,Lukas Radil (14426340),Lukas Radil,14426340,W/UTIL,2500,COL@SJ 03/08/2020 10:00PM ET,SJ,1.47
RW,Jonny Brodzinski (14426342),Jonny Brodzinski,14426342,W/UTIL,2500,COL@SJ 03/08/2020 10:00PM ET,SJ,4.17
RW,Joachim Blichfeld (14426344),Joachim Blichfeld,14426344,W/UTIL,2500,COL@SJ 03/08/2020 10:00PM ET,SJ,3.23
LW,Danil Yurtaykin (14426346),Danil Yurtaykin,14426346,W/UTIL,2500,COL@SJ 03/08/2020 10:00PM ET,SJ,1.4
LW,Ivan Chekhovich (14426348),Ivan Chekhovich,14426348,W/UTIL,2500,COL@SJ 03/08/2020 10:00PM ET,SJ,0
LW,Jayden Halbgewachs (14426350),Jayden Halbgewachs,14426350,W/UTIL,2500,COL@SJ 03/08/2020 10:00PM ET,SJ,0
RW,Anthony Greco (14426352),Anthony Greco,14426352,W/UTIL,2500,COL@SJ 03/08/2020 10:00PM ET,SJ,0
D,Tim Heed (14426536),Tim Heed,14426536,D/UTIL,2500,COL@SJ 03/08/2020 10:00PM ET,SJ,3.81
D,Dalton Prout (14426556),Dalton Prout,14426556,D/UTIL,2500,COL@SJ 03/08/2020 10:00PM ET,SJ,3.45
D,Jacob Middleton (14426558),Jacob Middleton,14426558,D/UTIL,2500,COL@SJ 03/08/2020 10:00PM ET,SJ,3
D,Anton Lindholm (14426572),Anton Lindholm,14426572,D/UTIL,2500,COL@SJ 03/08/2020 10:00PM ET,COL,4
D,Mark Alt (14426574),Mark Alt,14426574,D/UTIL,2500,COL@SJ 03/08/2020 10:00PM ET,COL,0
D,Trevor Carrick (14426638),Trevor Carrick,14426638,D/UTIL,2500,COL@SJ 03/08/2020 10:00PM ET,SJ,0.5
D,Nick DeSimone (14426640),Nick DeSimone,14426640,D/UTIL,2500,COL@SJ 03/08/2020 10:00PM ET,SJ,0
D,Ryan Merkley (14426642),Ryan Merkley,14426642,D/UTIL,2500,COL@SJ 03/08/2020 10:00PM ET,SJ,0
D,Nicolas Meloche (14426644),Nicolas Meloche,14426644,D/UTIL,2500,COL@SJ 03/08/2020 10:00PM ET,SJ,0
