Id,First Name,Last Name,Position,Team,Opponent,Game,Time,Salary,FPPG,Injury Status
nhl.p.1868,Dan,Boyle,D,NYR,NYI,NYR@NYI,7:00PM EST,17,5.2," "
nhl.p.2645,Henrik,Lundqvist,G,NYR,NYI,NYR@NYI,7:00PM EST,32,12.9," "
nhl.p.2786,Dominic,Moore,C,NYR,NYI,NYR@NYI,7:00PM EST,12,3.3," "
nhl.p.3153,Rick,Nash,LW,NYR,NYI,NYR@NYI,7:00PM EST,24,8.8," "
nhl.p.3375,Kevin,Klein,D,NYR,NYI,NYR@NYI,7:00PM EST,14,5.3," "
nhl.p.3789,Marc,Staal,D,NYR,NYI,NYR@NYI,7:00PM EST,12,3.7," "
nhl.p.3885,Keith,Yandle,D,NYR,NYI,NYR@NYI,7:00PM EST,19,6.1," "
nhl.p.3953,Dan,Girardi,D,NYR,NYI,NYR@NYI,7:00PM EST,13,5.1,DTD
nhl.p.3987,Derick,Brassard,C,NYR,NYI,NYR@NYI,7:00PM EST,20,6.7," "
nhl.p.4251,Ryan,McDonagh,D,NYR,NYI,NYR@NYI,7:00PM EST,20,6.7," "
nhl.p.4310,Tanner,Glass,LW,NYR,NYI,NYR@NYI,7:00PM EST,12,1.2," "
nhl.p.4645,Viktor,Stalberg,LW,NYR,NYI,NYR@NYI,7:00PM EST,16,4.1," "
nhl.p.4699,Chris,Kreider,LW,NYR,NYI,NYR@NYI,7:00PM EST,14,5.4," "
nhl.p.4921,Mats,Zuccarello,RW,NYR,NYI,NYR@NYI,7:00PM EST,19,6.2," "
nhl.p.4970,Dylan,McIlrath,D,NYR,NYI,NYR@NYI,7:00PM EST,12,2.9," "
nhl.p.4984,Kevin,Hayes,RW,NYR,NYI,NYR@NYI,7:00PM EST,14,4.6," "
nhl.p.4992,Derek,Stepan,C,NYR,NYI,NYR@NYI,7:00PM EST,19,6.7," "
nhl.p.5030,Oscar,Lindberg,C,NYR,NYI,NYR@NYI,7:00PM EST,14,5.1," "
nhl.p.5130,Jesper,Fast,RW,NYR,NYI,NYR@NYI,7:00PM EST,13,3.0," "
nhl.p.5376,J.T.,Miller,C,NYR,NYI,NYR@NYI,7:00PM EST,15,4.4," "
nhl.p.5902,Jayson,Megna,RW,NYR,NYI,NYR@NYI,7:00PM EST,12,2.6," "
nhl.p.5967,Antti,Raanta,G,NYR,NYI,NYR@NYI,7:00PM EST,21,10.7," "
nhl.p.3249,Marek,Zidlicky,D,NYI,NYR,NYR@NYI,7:00PM EST,13,4.2," "
nhl.p.3354,Steve,Bernier,RW,NYI,NYR,NYR@NYI,7:00PM EST,12,4.5," "
nhl.p.3734,Jaroslav,Halak,G,NYI,NYR,NYR@NYI,7:00PM EST,34,12.1," "
nhl.p.3918,Frans,Nielsen,C,NYI,NYR,NYR@NYI,7:00PM EST,19,6.3," "
nhl.p.3936,Thomas,Greiss,G,NYI,NYR,NYR@NYI,7:00PM EST,35,12.0," "
nhl.p.3965,Mikhail,Grabovski,C,NYI,NYR,NYR@NYI,7:00PM EST,12,3.9," "
nhl.p.3988,Kyle,Okposo,RW,NYI,NYR,NYR@NYI,7:00PM EST,22,7.0," "
nhl.p.4188,Nikolay,Kulemin,LW,NYI,NYR,NYR@NYI,7:00PM EST,12,3.9," "
nhl.p.4194,Cal,Clutterbuck,RW,NYI,NYR,NYR@NYI,7:00PM EST,12,3.2," "
nhl.p.4243,Thomas,Hickey,D,NYI,NYR,NYR@NYI,7:00PM EST,12,3.8," "
nhl.p.4482,Josh,Bailey,LW,NYI,NYR,NYR@NYI,7:00PM EST,12,5.0," "
nhl.p.4681,John,Tavares,C,NYI,NYR,NYR@NYI,7:00PM EST,21,8.6," "
nhl.p.4692,Calvin,de Haan,D,NYI,NYR,NYR@NYI,7:00PM EST,14,4.5," "
nhl.p.4696,Nick,Leddy,D,NYI,NYR,NYR@NYI,7:00PM EST,13,4.9," "
nhl.p.4713,Brian,Strait,D,NYI,NYR,NYR@NYI,7:00PM EST,12,2.9," "
nhl.p.4754,Matt,Martin,LW,NYI,NYR,NYR@NYI,7:00PM EST,12,2.5," "
nhl.p.4771,Travis,Hamonic,D,NYI,NYR,NYR@NYI,7:00PM EST,12,5.7,DTD
nhl.p.4773,Casey,Cizikas,C,NYI,NYR,NYR@NYI,7:00PM EST,12,3.3," "
nhl.p.4990,Brock,Nelson,C,NYI,NYR,NYR@NYI,7:00PM EST,17,5.9," "
nhl.p.5366,Ryan,Strome,C,NYI,NYR,NYR@NYI,7:00PM EST,12,5.4," "
nhl.p.5402,Scott,Mayfield,D,NYI,NYR,NYR@NYI,7:00PM EST,12,-4.0," "
nhl.p.5756,Adam,Pelech,D,NYI,NYR,NYR@NYI,7:00PM EST,12,2.5," "
nhl.p.5928,Anders,Lee,LW,NYI,NYR,NYR@NYI,7:00PM EST,17,5.6," "
nhl.p.1907,Eric,Boulton,LW,NYI,NYR,NYR@NYI,7:00PM EST,12,1.9,IR
nhl.p.3162,Johnny,Boychuk,D,NYI,NYR,NYR@NYI,7:00PM EST,16,7.1,IR
nhl.p.5223,Jean-Francois,Berube,G,NYI,NYR,NYR@NYI,7:00PM EST,20,7.0,IR
nhl.p.2102,Daniel,Sedin,LW,VAN,WAS,VAN@WAS,7:00PM EST,21,8.1," "
nhl.p.2103,Henrik,Sedin,C,VAN,WAS,VAN@WAS,7:00PM EST,15,6.2," "
nhl.p.2598,Radim,Vrbata,RW,VAN,WAS,VAN@WAS,7:00PM EST,18,7.2," "
nhl.p.2637,Ryan,Miller,G,VAN,WAS,VAN@WAS,7:00PM EST,26,11.1," "
nhl.p.3091,Chris,Higgins,LW,VAN,WAS,VAN@WAS,7:00PM EST,12,4.3," "
nhl.p.3748,Brandon,Prust,LW,VAN,WAS,VAN@WAS,7:00PM EST,12,2.5," "
nhl.p.3838,Alexandre,Burrows,RW,VAN,WAS,VAN@WAS,7:00PM EST,12,4.4," "
nhl.p.3889,Adam,Cracknell,RW,VAN,WAS,VAN@WAS,7:00PM EST,12,2.1," "
nhl.p.4020,Alexander,Edler,D,VAN,WAS,VAN@WAS,7:00PM EST,17,6.5," "
nhl.p.4153,Derek,Dorsett,RW,VAN,WAS,VAN@WAS,7:00PM EST,12,2.8," "
nhl.p.4537,Yannick,Weber,D,VAN,WAS,VAN@WAS,7:00PM EST,12,3.7," "
nhl.p.4894,Matt,Bartkowski,D,VAN,WAS,VAN@WAS,7:00PM EST,12,2.2," "
nhl.p.4920,Alex,Biega,D,VAN,WAS,VAN@WAS,7:00PM EST,12,3.2," "
nhl.p.4935,Christopher,Tanev,D,VAN,WAS,VAN@WAS,7:00PM EST,13,4.6," "
nhl.p.4947,Jacob,Markstrom,G,VAN,WAS,VAN@WAS,7:00PM EST,36,9.1," "
nhl.p.4989,Emerson,Etem,RW,VAN,WAS,VAN@WAS,7:00PM EST,12,2.9," "
nhl.p.5334,Linden,Vey,RW,VAN,WAS,VAN@WAS,7:00PM EST,12,2.3," "
nhl.p.5374,Sven,Baertschi,LW,VAN,WAS,VAN@WAS,7:00PM EST,16,3.3," "
nhl.p.5430,Andrey,Pedan,D,VAN,WAS,VAN@WAS,7:00PM EST,12,1.7," "
nhl.p.5837,Ben,Hutton,D,VAN,WAS,VAN@WAS,7:00PM EST,12,3.2," "
nhl.p.5988,Bo,Horvat,C,VAN,WAS,VAN@WAS,7:00PM EST,14,3.6," "
nhl.p.6372,Jake,Virtanen,RW,VAN,WAS,VAN@WAS,7:00PM EST,12,2.8," "
nhl.p.6390,Jared,McCann,C,VAN,WAS,VAN@WAS,7:00PM EST,12,3.3," "
nhl.p.4021,Jannik,Hansen,RW,VAN,WAS,VAN@WAS,7:00PM EST,13,4.5,IR
nhl.p.2848,Dan,Hamhuis,D,VAN,WAS,VAN@WAS,7:00PM EST,12,3.9,DTD
nhl.p.4495,Luca,Sbisa,D,VAN,WAS,VAN@WAS,7:00PM EST,12,3.2,IR
nhl.p.4250,Brandon,Sutter,C,VAN,WAS,VAN@WAS,7:00PM EST,14,5.3,IR
nhl.p.2468,Justin,Williams,RW,WAS,VAN,VAN@WAS,7:00PM EST,18,5.8," "
nhl.p.2530,Jason,Chimera,LW,WAS,VAN,VAN@WAS,7:00PM EST,19,4.0," "
nhl.p.3287,Brooks,Laich,C,WAS,VAN,VAN@WAS,7:00PM EST,12,2.9," "
nhl.p.3361,Mike,Richards,C,WAS,VAN,VAN@WAS,7:00PM EST,12,2.5," "
nhl.p.3637,Alex,Ovechkin,LW,WAS,VAN,VAN@WAS,7:00PM EST,34,11.1," "
nhl.p.3801,T.J.,Oshie,RW,WAS,VAN,VAN@WAS,7:00PM EST,24,7.1," "
nhl.p.3805,Matt,Niskanen,D,WAS,VAN,VAN@WAS,7:00PM EST,18,5.0," "
nhl.p.3982,Nicklas,Backstrom,C,WAS,VAN,VAN@WAS,7:00PM EST,27,7.4," "
nhl.p.4244,Karl,Alzner,D,WAS,VAN,VAN@WAS,7:00PM EST,16,4.7," "
nhl.p.4512,Taylor,Chorney,D,WAS,VAN,VAN@WAS,7:00PM EST,12,2.3," "
nhl.p.4588,Braden,Holtby,G,WAS,VAN,VAN@WAS,7:00PM EST,41,13.2," "
nhl.p.4704,Marcus,Johansson,C,WAS,VAN,VAN@WAS,7:00PM EST,20,5.1,DTD
nhl.p.4759,Zach,Sill,C,WAS,VAN,VAN@WAS,7:00PM EST,12,1.4," "
nhl.p.4882,Michael,Latta,C,WAS,VAN,VAN@WAS,7:00PM EST,12,1.4," "
nhl.p.4986,Evgeny,Kuznetsov,C,WAS,VAN,VAN@WAS,7:00PM EST,22,5.7," "
nhl.p.5059,Stanislav,Galiev,RW,WAS,VAN,VAN@WAS,7:00PM EST,12,2.6," "
nhl.p.5085,Philipp,Grubauer,G,WAS,VAN,VAN@WAS,7:00PM EST,33,11.5," "
nhl.p.5254,Dmitry,Orlov,D,WAS,VAN,VAN@WAS,7:00PM EST,14,3.8," "
nhl.p.5265,Aaron,Ness,D,WAS,VAN,VAN@WAS,7:00PM EST,14,4.6," "
nhl.p.5660,Paul,Carey,C,WAS,VAN,VAN@WAS,7:00PM EST,12,1.3," "
nhl.p.5696,Tom,Wilson,RW,WAS,VAN,VAN@WAS,7:00PM EST,12,2.6," "
nhl.p.5932,Nate,Schmidt,D,WAS,VAN,VAN@WAS,7:00PM EST,17,3.5," "
nhl.p.6002,Andre,Burakovsky,LW,WAS,VAN,VAN@WAS,7:00PM EST,12,3.7," "
nhl.p.4380,Jay,Beagle,C,WAS,VAN,VAN@WAS,7:00PM EST,12,3.6,IR
nhl.p.4503,John,Carlson,D,WAS,VAN,VAN@WAS,7:00PM EST,26,8.4,IR
nhl.p.2491,Brooks,Orpik,D,WAS,VAN,VAN@WAS,7:00PM EST,12,4.4,IR
nhl.p.1640,Marian,Hossa,RW,CHI,MON,CHI@MON,7:30PM EST,22,7.3," "
nhl.p.1930,Michal,Rozsival,D,CHI,MON,CHI@MON,7:30PM EST,12,2.7," "
nhl.p.2837,Rob,Scuderi,D,CHI,MON,CHI@MON,7:30PM EST,12,2.5," "
nhl.p.3266,Duncan,Keith,D,CHI,MON,CHI@MON,7:30PM EST,24,7.4," "
nhl.p.3352,Brent,Seabrook,D,CHI,MON,CHI@MON,7:30PM EST,20,6.4," "
nhl.p.3390,Corey,Crawford,G,CHI,MON,CHI@MON,7:30PM EST,42,13.3," "
nhl.p.3814,Bryan,Bickell,LW,CHI,MON,CHI@MON,7:30PM EST,12,3.0," "
nhl.p.3981,Jonathan,Toews,C,CHI,MON,CHI@MON,7:30PM EST,26,7.5," "
nhl.p.4206,Niklas,Hjalmarsson,D,CHI,MON,CHI@MON,7:30PM EST,15,4.6," "
nhl.p.4240,Patrick,Kane,RW,CHI,MON,CHI@MON,7:30PM EST,32,10.0," "
nhl.p.4289,Artem,Anisimov,C,CHI,MON,CHI@MON,7:30PM EST,15,4.9,DTD
nhl.p.4602,Brandon,Mashinter,LW,CHI,MON,CHI@MON,7:30PM EST,12,0.9," "
nhl.p.4912,Andrew,Desjardins,LW,CHI,MON,CHI@MON,7:30PM EST,12,2.3," "
nhl.p.5387,Phillip,Danault,C,CHI,MON,CHI@MON,7:30PM EST,12,3.3," "
nhl.p.5504,Andrew,Shaw,RW,CHI,MON,CHI@MON,7:30PM EST,16,4.3," "
nhl.p.5605,Ryan,Garbutt,RW,CHI,MON,CHI@MON,7:30PM EST,12,3.6," "
nhl.p.5698,Teuvo,Teravainen,LW,CHI,MON,CHI@MON,7:30PM EST,15,4.4," "
nhl.p.5783,Erik,Gustafsson,D,CHI,MON,CHI@MON,7:30PM EST,17,5.9," "
nhl.p.6211,Scott,Darling,G,CHI,MON,CHI@MON,7:30PM EST,35,12.9," "
nhl.p.6340,Trevor,van Riemsdyk,D,CHI,MON,CHI@MON,7:30PM EST,12,2.7," "
nhl.p.6363,Dennis,Rasmussen,C,CHI,MON,CHI@MON,7:30PM EST,12,3.7," "
nhl.p.6728,Artemi,Panarin,LW,CHI,MON,CHI@MON,7:30PM EST,21,7.2," "
nhl.p.4958,Marcus,Kruger,C,CHI,MON,CHI@MON,7:30PM EST,12,2.7,IR
nhl.p.2145,Andrei,Markov,D,MON,CHI,CHI@MON,7:30PM EST,15,6.5," "
nhl.p.3005,Tomas,Plekanec,C,MON,CHI,CHI@MON,7:30PM EST,19,7.1," "
nhl.p.3176,Tomas,Fleischmann,LW,MON,CHI,CHI@MON,7:30PM EST,12,4.3," "
nhl.p.4132,Torrey,Mitchell,RW,MON,CHI,CHI@MON,7:30PM EST,12,2.9," "
nhl.p.4252,Lars,Eller,C,MON,CHI,CHI@MON,7:30PM EST,12,3.8," "
nhl.p.4261,Max,Pacioretty,LW,MON,CHI,CHI@MON,7:30PM EST,25,9.2," "
nhl.p.4554,David,Desharnais,C,MON,CHI,CHI@MON,7:30PM EST,13,4.7," "
nhl.p.4558,P.K.,Subban,D,MON,CHI,CHI@MON,7:30PM EST,24,7.7," "
nhl.p.4677,Paul,Byron,C,MON,CHI,CHI@MON,7:30PM EST,13,3.0," "
nhl.p.4849,Jeff,Petry,D,MON,CHI,CHI@MON,7:30PM EST,13,4.2,DTD
nhl.p.4893,Ben,Scrivens,G,MON,CHI,CHI@MON,7:30PM EST,20,7.7," "
nhl.p.4929,Mark,Barberio,D,MON,CHI,CHI@MON,7:30PM EST,12,2.4," "
nhl.p.4982,Jarred,Tinordi,D,MON,CHI,CHI@MON,7:30PM EST,12,1.2," "
nhl.p.5015,Devante,Smith-Pelly,RW,MON,CHI,CHI@MON,7:30PM EST,12,3.1," "
nhl.p.5120,Brendan,Gallagher,RW,MON,CHI,CHI@MON,7:30PM EST,24,7.5," "
nhl.p.5349,Alexei,Emelin,D,MON,CHI,CHI@MON,7:30PM EST,12,3.3," "
nhl.p.5378,Nathan,Beaulieu,D,MON,CHI,CHI@MON,7:30PM EST,12,3.3," "
nhl.p.5636,Greg,Pateryn,D,MON,CHI,CHI@MON,7:30PM EST,12,2.0," "
nhl.p.5642,Brian,Flynn,C,MON,CHI,CHI@MON,7:30PM EST,12,3.2," "
nhl.p.5683,Alex,Galchenyuk,C,MON,CHI,CHI@MON,7:30PM EST,15,5.5," "
nhl.p.5959,Mike,Condon,G,MON,CHI,CHI@MON,7:30PM EST,32,9.1," "
nhl.p.6010,Sven,Andrighetto,RW,MON,CHI,CHI@MON,7:30PM EST,13,3.3," "
nhl.p.6355,Daniel,Carr,LW,MON,CHI,CHI@MON,7:30PM EST,14,4.3," "
nhl.p.4544,Dale,Weise,RW,MON,CHI,CHI@MON,7:30PM EST,14,4.5,IR
nhl.p.3268,Tom,Gilbert,D,MON,CHI,CHI@MON,7:30PM EST,12,4.1,IR
nhl.p.3782,Carey,Price,G,MON,CHI,CHI@MON,7:30PM EST,36,14.3,IR
nhl.p.2571,Ron,Hainsey,D,CAR,STL,CAR@STL,8:00PM EST,12,3.1," "
nhl.p.2939,Jay,McClement,C,CAR,STL,CAR@STL,8:00PM EST,12,2.0," "
nhl.p.3164,Cam,Ward,G,CAR,STL,CAR@STL,8:00PM EST,38,9.7," "
nhl.p.3342,Eric,Staal,C,CAR,STL,CAR@STL,8:00PM EST,17,6.5," "
nhl.p.3417,John-Michael,Liles,D,CAR,STL,CAR@STL,8:00PM EST,13,3.9," "
nhl.p.3938,Kris,Versteeg,RW,CAR,STL,CAR@STL,8:00PM EST,17,5.4," "
nhl.p.3980,Jordan,Staal,C,CAR,STL,CAR@STL,8:00PM EST,18,4.6," "
nhl.p.4260,Riley,Nash,C,CAR,STL,CAR@STL,8:00PM EST,12,3.0," "
nhl.p.4671,Chris,Terry,LW,CAR,STL,CAR@STL,8:00PM EST,12,2.7," "
nhl.p.4870,Eddie,Lack,G,CAR,STL,CAR@STL,8:00PM EST,29,10.2," "
nhl.p.4885,Michal,Jordan,D,CAR,STL,CAR@STL,8:00PM EST,12,2.9," "
nhl.p.4967,Jeff,Skinner,LW,CAR,STL,CAR@STL,8:00PM EST,17,5.1," "
nhl.p.5010,Justin,Faulk,D,CAR,STL,CAR@STL,8:00PM EST,19,7.0," "
nhl.p.5063,Joakim,Nordstrom,LW,CAR,STL,CAR@STL,8:00PM EST,12,1.9," "
nhl.p.5312,Brad,Malone,C,CAR,STL,CAR@STL,8:00PM EST,12,1.9," "
nhl.p.5347,Andrej,Nestrasil,C,CAR,STL,CAR@STL,8:00PM EST,12,3.5," "
nhl.p.5410,Victor,Rask,C,CAR,STL,CAR@STL,8:00PM EST,15,4.8," "
nhl.p.5727,Phillip,Di Giuseppe,LW,CAR,STL,CAR@STL,8:00PM EST,13,4.9,DTD
nhl.p.5736,Brock,McGinn,LW,CAR,STL,CAR@STL,8:00PM EST,12,0.8," "
nhl.p.5810,Jaccob,Slavin,D,CAR,STL,CAR@STL,8:00PM EST,14,4.1," "
nhl.p.5984,Elias,Lindholm,C,CAR,STL,CAR@STL,8:00PM EST,15,4.6," "
nhl.p.6046,Brett,Pesce,D,CAR,STL,CAR@STL,8:00PM EST,12,3.6," "
nhl.p.6747,Noah,Hanifin,D,CAR,STL,CAR@STL,8:00PM EST,12,3.6," "
nhl.p.4436,Nathan,Gerbe,LW,CAR,STL,CAR@STL,8:00PM EST,12,4.2,IR
nhl.p.3571,James,Wisniewski,D,CAR,STL,CAR@STL,8:00PM EST,12,5.3,IR
nhl.p.3103,Jay,Bouwmeester,D,STL,CAR,CAR@STL,8:00PM EST,12,3.7,DTD
nhl.p.3132,Scottie,Upshall,RW,STL,CAR,CAR@STL,8:00PM EST,12,2.9," "
nhl.p.3136,Alexander,Steen,LW,STL,CAR,CAR@STL,8:00PM EST,18,7.9," "
nhl.p.3601,Kyle,Brodziak,C,STL,CAR,CAR@STL,8:00PM EST,12,2.4," "
nhl.p.3861,David,Backes,C,STL,CAR,CAR@STL,8:00PM EST,17,6.7," "
nhl.p.3947,Troy,Brouwer,RW,STL,CAR,CAR@STL,8:00PM EST,12,4.7," "
nhl.p.4005,Patrik,Berglund,C,STL,CAR,CAR@STL,8:00PM EST,13,4.2," "
nhl.p.4023,Paul,Stastny,C,STL,CAR,CAR@STL,8:00PM EST,14,5.2,DTD
nhl.p.4136,Brian,Elliott,G,STL,CAR,CAR@STL,8:00PM EST,36,10.5," "
nhl.p.4186,Ryan,Reaves,RW,STL,CAR,CAR@STL,8:00PM EST,12,1.3," "
nhl.p.4253,Kevin,Shattenkirk,D,STL,CAR,CAR@STL,8:00PM EST,19,8.2," "
nhl.p.4410,Chris,Butler,D,STL,CAR,CAR@STL,8:00PM EST,12,4.3," "
nhl.p.4474,Alex,Pietrangelo,D,STL,CAR,CAR@STL,8:00PM EST,19,6.6," "
nhl.p.4675,Carl,Gunnarsson,D,STL,CAR,CAR@STL,8:00PM EST,12,3.6,DTD
nhl.p.4758,Robert,Bortuzzo,D,STL,CAR,CAR@STL,8:00PM EST,12,2.6," "
nhl.p.4939,Jori,Lehtera,C,STL,CAR,CAR@STL,8:00PM EST,12,4.4," "
nhl.p.4976,Vladimir,Tarasenko,RW,STL,CAR,CAR@STL,8:00PM EST,27,9.3," "
nhl.p.5400,Ty,Rattie,RW,STL,CAR,CAR@STL,8:00PM EST,12,2.3," "
nhl.p.5409,Dmitrij,Jaskin,RW,STL,CAR,CAR@STL,8:00PM EST,12,3.7," "
nhl.p.5414,Joel,Edmundson,D,STL,CAR,CAR@STL,8:00PM EST,12,2.5," "
nhl.p.5454,Jordan,Binnington,G,STL,CAR,CAR@STL,8:00PM EST,20,0.0," "
nhl.p.5777,Colton,Parayko,D,STL,CAR,CAR@STL,8:00PM EST,14,6.3," "
nhl.p.6387,Robby,Fabbri,C,STL,CAR,CAR@STL,8:00PM EST,12,3.7," "
nhl.p.4690,Magnus,Paajarvi,LW,STL,CAR,CAR@STL,8:00PM EST,12,2.3,DTD
nhl.p.4589,Jake,Allen,G,STL,CAR,CAR@STL,8:00PM EST,33,11.0,DTD
nhl.p.2588,Steve,Ott,C,STL,CAR,CAR@STL,8:00PM EST,12,1.3,DTD
nhl.p.4974,Jaden,Schwartz,LW,STL,CAR,CAR@STL,8:00PM EST,15,7.4,DTD
nhl.p.1933,Mike,Ribeiro,C,NSH,WPG,NSH@WPG,8:00PM EST,12,5.0," "
nhl.p.1934,Mike,Fisher,C,NSH,WPG,NSH@WPG,8:00PM EST,12,5.2," "
nhl.p.2026,Barret,Jackman,D,NSH,WPG,NSH@WPG,8:00PM EST,12,3.1," "
nhl.p.3055,Paul,Gaustad,C,NSH,WPG,NSH@WPG,8:00PM EST,12,2.2," "
nhl.p.3120,Eric,Nystrom,LW,NSH,WPG,NSH@WPG,8:00PM EST,12,2.2," "
nhl.p.3387,Shea,Weber,D,NSH,WPG,NSH@WPG,8:00PM EST,19,7.7," "
nhl.p.3764,Pekka,Rinne,G,NSH,WPG,NSH@WPG,8:00PM EST,34,11.7," "
nhl.p.3818,James,Neal,RW,NSH,WPG,NSH@WPG,8:00PM EST,19,7.2," "
nhl.p.4480,Colin,Wilson,LW,NSH,WPG,NSH@WPG,8:00PM EST,15,5.7,IR
nhl.p.4483,Cody,Hodgson,C,NSH,WPG,NSH@WPG,8:00PM EST,12,2.3," "
nhl.p.4691,Ryan,Ellis,D,NSH,WPG,NSH@WPG,8:00PM EST,15,5.8," "
nhl.p.4850,Carter,Hutton,G,NSH,WPG,NSH@WPG,8:00PM EST,28,8.9," "
nhl.p.4930,Roman,Josi,D,NSH,WPG,NSH@WPG,8:00PM EST,23,8.5," "
nhl.p.4964,Ryan,Johansen,C,NSH,WPG,NSH@WPG,8:00PM EST,18,6.8," "
nhl.p.4978,Austin,Watson,LW,NSH,WPG,NSH@WPG,8:00PM EST,12,2.1," "
nhl.p.5024,Calle,Jarnkrok,C,NSH,WPG,NSH@WPG,8:00PM EST,12,3.0," "
nhl.p.5089,Petter,Granberg,D,NSH,WPG,NSH@WPG,8:00PM EST,12,1.3," "
nhl.p.5142,Anthony,Bitetto,D,NSH,WPG,NSH@WPG,8:00PM EST,12,0.8," "
nhl.p.5329,Mattias,Ekholm,D,NSH,WPG,NSH@WPG,8:00PM EST,12,3.9," "
nhl.p.5396,Craig,Smith,RW,NSH,WPG,NSH@WPG,8:00PM EST,14,6.0," "
nhl.p.5420,Miikka,Salomaki,RW,NSH,WPG,NSH@WPG,8:00PM EST,12,3.0," "
nhl.p.5691,Filip,Forsberg,LW,NSH,WPG,NSH@WPG,8:00PM EST,21,7.4," "
nhl.p.6480,Viktor,Arvidsson,LW,NSH,WPG,NSH@WPG,8:00PM EST,12,3.1," "
nhl.p.4883,Gabriel,Bourque,RW,NSH,WPG,NSH@WPG,8:00PM EST,12,2.3,IR
nhl.p.3359,Mark,Stuart,D,WPG,NSH,NSH@WPG,8:00PM EST,12,3.4," "
nhl.p.3411,Chris,Thorburn,RW,WPG,NSH,NSH@WPG,8:00PM EST,12,2.0," "
nhl.p.3640,Andrew,Ladd,LW,WPG,NSH,NSH@WPG,8:00PM EST,16,6.6," "
nhl.p.3641,Blake,Wheeler,RW,WPG,NSH,NSH@WPG,8:00PM EST,23,8.0," "
nhl.p.3649,Drew,Stafford,RW,WPG,NSH,NSH@WPG,8:00PM EST,17,4.9," "
nhl.p.3705,Dustin,Byfuglien,D,WPG,NSH,NSH@WPG,8:00PM EST,19,7.2," "
nhl.p.3994,Bryan,Little,C,WPG,NSH,NSH@WPG,8:00PM EST,19,6.6," "
nhl.p.4051,Adam,Pardy,D,WPG,NSH,NSH@WPG,8:00PM EST,12,2.5," "
nhl.p.4235,Toby,Enstrom,D,WPG,NSH,NSH@WPG,8:00PM EST,12,4.2," "
nhl.p.4383,Mathieu,Perreault,C,WPG,NSH,NSH@WPG,8:00PM EST,18,5.6," "
nhl.p.4485,Tyler,Myers,D,WPG,NSH,NSH@WPG,8:00PM EST,19,5.1," "
nhl.p.4606,Anthony,Peluso,RW,WPG,NSH,NSH@WPG,8:00PM EST,12,1.0," "
nhl.p.4857,Michael,Hutchinson,G,WPG,NSH,NSH@WPG,8:00PM EST,31,10.1," "
nhl.p.4968,Alex,Burmistrov,C,WPG,NSH,NSH@WPG,8:00PM EST,12,2.6," "
nhl.p.5263,Ben,Chiarot,D,WPG,NSH,NSH@WPG,8:00PM EST,12,2.9," "
nhl.p.5368,Mark,Scheifele,C,WPG,NSH,NSH@WPG,8:00PM EST,17,6.1,IR
nhl.p.5377,Joel,Armia,RW,WPG,NSH,NSH@WPG,8:00PM EST,12,1.4," "
nhl.p.5434,Adam,Lowry,C,WPG,NSH,NSH@WPG,8:00PM EST,12,3.0," "
nhl.p.5689,Jacob,Trouba,D,WPG,NSH,NSH@WPG,8:00PM EST,15,5.3," "
nhl.p.5820,Connor,Hellebuyck,G,WPG,NSH,NSH@WPG,8:00PM EST,38,12.8," "
nhl.p.6083,Andrew,Copp,C,WPG,NSH,NSH@WPG,8:00PM EST,12,1.7," "
nhl.p.6375,Nikolaj,Ehlers,RW,WPG,NSH,NSH@WPG,8:00PM EST,12,4.7," "
nhl.p.4052,Ondrej,Pavelec,G,WPG,NSH,NSH@WPG,8:00PM EST,25,10.5,IR
nhl.p.4401,Grant,Clitsome,D,WPG,NSH,NSH@WPG,8:00PM EST,12,2.8,IR
nhl.p.3133,Jordin,Tootoo,RW,NJ,COL,NJ@COL,9:00PM EST,12,2.1,DTD
nhl.p.3657,Travis,Zajac,C,NJ,COL,NJ@COL,9:00PM EST,12,4.1," "
nhl.p.3663,Cory,Schneider,G,NJ,COL,NJ@COL,9:00PM EST,37,11.8," "
nhl.p.3709,Lee,Stempniak,RW,NJ,COL,NJ@COL,9:00PM EST,12,4.8," "
nhl.p.3871,Andy,Greene,D,NJ,COL,NJ@COL,9:00PM EST,12,3.9," "
nhl.p.3895,Tyler,Kennedy,LW,NJ,COL,NJ@COL,9:00PM EST,12,2.9," "
nhl.p.4236,Marc-Andre,Gragnani,D,NJ,COL,NJ@COL,9:00PM EST,12,-3.0," "
nhl.p.4268,Jim,O'Brien,C,NJ,COL,NJ@COL,9:00PM EST,12,-1.0," "
nhl.p.4301,David,Schlemko,D,NJ,COL,NJ@COL,9:00PM EST,13,3.5," "
nhl.p.4701,John,Moore,D,NJ,COL,NJ@COL,9:00PM EST,12,3.2,DTD
nhl.p.4706,Kyle,Palmieri,RW,NJ,COL,NJ@COL,9:00PM EST,18,5.6," "
nhl.p.4744,Stephen,Gionta,C,NJ,COL,NJ@COL,9:00PM EST,12,2.6," "
nhl.p.4917,Eric,Gelinas,D,NJ,COL,NJ@COL,9:00PM EST,12,3.7," "
nhl.p.5011,Jon,Merrill,D,NJ,COL,NJ@COL,9:00PM EST,12,2.3," "
nhl.p.5238,Adam,Henrique,C,NJ,COL,NJ@COL,9:00PM EST,18,5.6," "
nhl.p.5283,Paul,Thompson,RW,NJ,COL,NJ@COL,9:00PM EST,12,1.0," "
nhl.p.5316,Keith,Kinkaid,G,NJ,COL,NJ@COL,9:00PM EST,31,8.7," "
nhl.p.5365,Adam,Larsson,D,NJ,COL,NJ@COL,9:00PM EST,12,4.5," "
nhl.p.5709,Stefan,Matteau,LW,NJ,COL,NJ@COL,9:00PM EST,12,1.1," "
nhl.p.5749,Damon,Severson,D,NJ,COL,NJ@COL,9:00PM EST,12,3.4," "
nhl.p.5852,Joseph,Blandisi,C,NJ,COL,NJ@COL,9:00PM EST,12,2.2," "
nhl.p.5977,Bobby,Farnham,RW,NJ,COL,NJ@COL,9:00PM EST,12,2.4,DTD
nhl.p.6737,Sergey,Kalinin,RW,NJ,COL,NJ@COL,9:00PM EST,12,2.0," "
nhl.p.3978,Jiri,Tlusty,RW,NJ,COL,NJ@COL,9:00PM EST,12,3.3,IR
nhl.p.2845,Tuomo,Ruutu,LW,NJ,COL,NJ@COL,9:00PM EST,12,2.0,IR
nhl.p.2991,Michael,Cammalleri,LW,NJ,COL,NJ@COL,9:00PM EST,20,6.8,IR
nhl.p.4700,Jacob,Josefson,C,NJ,COL,NJ@COL,9:00PM EST,12,2.5,IR
nhl.p.1389,Patrik,Elias,C,NJ,COL,NJ@COL,9:00PM EST,12,3.9,IR
nhl.p.3493,Ryane,Clowe,LW,NJ,COL,NJ@COL,9:00PM EST,12,2.5," "
nhl.p.1453,Jarome,Iginla,RW,COL,NJ,NJ@COL,9:00PM EST,16,6.1," "
nhl.p.1763,Alex,Tanguay,LW,COL,NJ,NJ@COL,9:00PM EST,12,4.7," "
nhl.p.3203,Francois,Beauchemin,D,COL,NJ,NJ@COL,9:00PM EST,19,6.3," "
nhl.p.3283,Nate,Guenin,D,COL,NJ,NJ@COL,9:00PM EST,12,2.9," "
nhl.p.3692,John,Mitchell,C,COL,NJ,NJ@COL,9:00PM EST,13,4.2," "
nhl.p.3784,Jack,Skille,RW,COL,NJ,NJ@COL,9:00PM EST,12,3.0," "
nhl.p.3835,Blake,Comeau,LW,COL,NJ,NJ@COL,9:00PM EST,14,4.7," "
nhl.p.3928,Carl,Soderberg,C,COL,NJ,NJ@COL,9:00PM EST,18,5.5," "
nhl.p.3979,Erik,Johnson,D,COL,NJ,NJ@COL,9:00PM EST,18,7.1,IR
nhl.p.4003,Semyon,Varlamov,G,COL,NJ,NJ@COL,9:00PM EST,34,12.2," "
nhl.p.4071,Cody,McLeod,LW,COL,NJ,NJ@COL,9:00PM EST,12,2.6," "
nhl.p.4330,Andrew,Bodnarchuk,D,COL,NJ,NJ@COL,9:00PM EST,12,0.7," "
nhl.p.4386,Nick,Holden,D,COL,NJ,NJ@COL,9:00PM EST,14,3.6," "
nhl.p.4683,Matt,Duchene,C,COL,NJ,NJ@COL,9:00PM EST,24,7.0," "
nhl.p.4973,Brandon,Gormley,D,COL,NJ,NJ@COL,9:00PM EST,12,2.0," "
nhl.p.5022,Calvin,Pickard,G,COL,NJ,NJ@COL,9:00PM EST,31,11.1," "
nhl.p.5095,Chris,Wagner,RW,COL,NJ,NJ@COL,9:00PM EST,12,1.9," "
nhl.p.5281,Tyson,Barrie,D,COL,NJ,NJ@COL,9:00PM EST,22,6.2," "
nhl.p.5295,Zach,Redmond,D,COL,NJ,NJ@COL,9:00PM EST,12,4.0," "
nhl.p.5363,Gabriel,Landeskog,LW,COL,NJ,NJ@COL,9:00PM EST,20,7.0," "
nhl.p.5692,Mikhail,Grigorenko,C,COL,NJ,NJ@COL,9:00PM EST,12,2.7," "
nhl.p.5980,Nathan,MacKinnon,C,COL,NJ,NJ@COL,9:00PM EST,24,7.3," "
nhl.p.6732,Andreas,Martinsen,LW,COL,NJ,NJ@COL,9:00PM EST,12,3.0," "
nhl.p.5954,Reto,Berra,G,COL,NJ,NJ@COL,9:00PM EST,26,9.3,DTD
nhl.p.5716,Ben,Street,C,COL,NJ,NJ@COL,9:00PM EST,12,1.4,DTD
nhl.p.1949,Brad,Stuart,D,COL,NJ,NJ@COL,9:00PM EST,12,3.5,IR
nhl.p.4377,Jesse,Winchester,C,COL,NJ,NJ@COL,9:00PM EST,12,0.0,IR
nhl.p.2104,Brad,Richards,C,DET,ARI,DET@ARI,9:00PM EST,17,5.5," "
nhl.p.2503,Henrik,Zetterberg,C,DET,ARI,DET@ARI,9:00PM EST,18,6.7," "
nhl.p.2517,Niklas,Kronwall,D,DET,ARI,DET@ARI,9:00PM EST,12,4.6," "
nhl.p.2680,Pavel,Datsyuk,C,DET,ARI,DET@ARI,9:00PM EST,20,7.9," "
nhl.p.3667,Mike,Green,D,DET,ARI,DET@ARI,9:00PM EST,16,5.8," "
nhl.p.3710,Kyle,Quincey,D,DET,ARI,DET@ARI,9:00PM EST,12,3.7," "
nhl.p.3771,Jimmy,Howard,G,DET,ARI,DET@ARI,9:00PM EST,22,9.8," "
nhl.p.3912,Jonathan,Ericsson,D,DET,ARI,DET@ARI,9:00PM EST,12,2.5," "
nhl.p.4065,Darren,Helm,C,DET,ARI,DET@ARI,9:00PM EST,14,4.3," "
nhl.p.4266,Brendan,Smith,D,DET,ARI,DET@ARI,9:00PM EST,12,3.0," "
nhl.p.4396,Justin,Abdelkader,LW,DET,ARI,DET@ARI,9:00PM EST,14,5.5," "
nhl.p.4792,Tomas,Tatar,LW,DET,ARI,DET@ARI,9:00PM EST,18,6.2," "
nhl.p.4877,Joakim,Andersson,C,DET,ARI,DET@ARI,9:00PM EST,12,1.9," "
nhl.p.4981,Riley,Sheahan,C,DET,ARI,DET@ARI,9:00PM EST,14,3.8," "
nhl.p.5114,Petr,Mrazek,G,DET,ARI,DET@ARI,9:00PM EST,40,12.2," "
nhl.p.5279,Gustav,Nyquist,RW,DET,ARI,DET@ARI,9:00PM EST,14,5.6," "
nhl.p.5403,Tomas,Jurco,RW,DET,ARI,DET@ARI,9:00PM EST,12,2.6," "
nhl.p.5570,Alexey,Marchenko,D,DET,ARI,DET@ARI,9:00PM EST,12,2.2," "
nhl.p.5927,Danny,DeKeyser,D,DET,ARI,DET@ARI,9:00PM EST,13,3.9," "
nhl.p.5976,Luke,Glendening,C,DET,ARI,DET@ARI,9:00PM EST,12,3.2," "
nhl.p.6381,Dylan,Larkin,C,DET,ARI,DET@ARI,9:00PM EST,20,7.6," "
nhl.p.3883,Drew,Miller,LW,DET,ARI,DET@ARI,9:00PM EST,12,2.9,IR
nhl.p.5084,Teemu,Pulkkinen,LW,DET,ARI,DET@ARI,9:00PM EST,12,4.3,IR
nhl.p.3722,Johan,Franzen,RW,DET,ARI,DET@ARI,9:00PM EST,12,5.3,IR
nhl.p.1354,Shane,Doan,RW,ARI,DET,DET@ARI,9:00PM EST,22,4.9," "
nhl.p.2780,Antoine,Vermette,C,ARI,DET,DET@ARI,9:00PM EST,15,3.9," "
nhl.p.3170,Boyd,Gordon,C,ARI,DET,DET@ARI,9:00PM EST,12,2.4," "
nhl.p.3217,Zbynek,Michalek,D,ARI,DET,DET@ARI,9:00PM EST,12,3.8," "
nhl.p.3655,Kyle,Chipchura,C,ARI,DET,DET@ARI,9:00PM EST,12,1.9," "
nhl.p.3704,Brad,Richardson,C,ARI,DET,DET@ARI,9:00PM EST,15,3.8," "
nhl.p.3768,Nicklas,Grossmann,D,ARI,DET,DET@ARI,9:00PM EST,12,3.2," "
nhl.p.3794,Martin,Hanzal,C,ARI,DET,DET@ARI,9:00PM EST,14,5.8," "
nhl.p.3806,Steve,Downie,RW,ARI,DET,DET@ARI,9:00PM EST,12,3.6," "
nhl.p.4110,John,Scott,LW,ARI,DET,DET@ARI,9:00PM EST,12,1.4," "
nhl.p.4481,Mikkel,Boedker,LW,ARI,DET,DET@ARI,9:00PM EST,17,5.5," "
nhl.p.4488,Viktor,Tikhonov,RW,ARI,DET,DET@ARI,9:00PM EST,12,1.3," "
nhl.p.4568,Michael,Stone,D,ARI,DET,DET@ARI,9:00PM EST,16,4.9," "
nhl.p.4686,Oliver,Ekman-Larsson,D,ARI,DET,DET@ARI,9:00PM EST,22,7.0," "
nhl.p.4922,Anders,Lindback,G,ARI,DET,DET@ARI,9:00PM EST,21,9.0," "
nhl.p.5111,Louis,Domingue,G,ARI,DET,DET@ARI,9:00PM EST,37,11.5," "
nhl.p.5220,Stefan,Elliott,D,ARI,DET,DET@ARI,9:00PM EST,13,3.7," "
nhl.p.5381,Connor,Murphy,D,ARI,DET,DET@ARI,9:00PM EST,14,3.1," "
nhl.p.5445,Klas,Dahlbeck,D,ARI,DET,DET@ARI,9:00PM EST,12,2.7," "
nhl.p.5480,Tobias,Rieder,RW,ARI,DET,DET@ARI,9:00PM EST,20,4.8," "
nhl.p.5747,Jordan,Martinook,LW,ARI,DET,DET@ARI,9:00PM EST,13,2.8," "
nhl.p.5991,Max,Domi,LW,ARI,DET,DET@ARI,9:00PM EST,14,6.1," "
nhl.p.6060,Anthony,Duclair,LW,ARI,DET,DET@ARI,9:00PM EST,15,4.4," "
nhl.p.3231,Mike,Smith,G,ARI,DET,DET@ARI,9:00PM EST,24,9.6,IR
nhl.p.4632,Joe,Vitale,C,ARI,DET,DET@ARI,9:00PM EST,12,2.0,IR
nhl.p.4569,Dylan,Reese,D,ARI,DET,DET@ARI,9:00PM EST,12,3.0," "
nhl.p.639,Chris,Pronger,D,ARI,DET,DET@ARI,9:00PM EST,12,0.0,IR
nhl.p.3656,Lauri,Korpikoski,LW,EDM,SJ,EDM@SJ,10:30PM EST,12,2.9," "
nhl.p.3781,Benoit,Pouliot,LW,EDM,SJ,EDM@SJ,10:30PM EST,15,5.3," "
nhl.p.3986,Andrej,Sekera,D,EDM,SJ,EDM@SJ,10:30PM EST,16,4.6," "
nhl.p.4138,Mark,Letestu,C,EDM,SJ,EDM@SJ,10:30PM EST,12,2.6," "
nhl.p.4162,Teddy,Purcell,RW,EDM,SJ,EDM@SJ,10:30PM EST,13,3.8," "
nhl.p.4286,Matt,Hendricks,LW,EDM,SJ,EDM@SJ,10:30PM EST,12,3.2,DTD
nhl.p.4498,Jordan,Eberle,RW,EDM,SJ,EDM@SJ,10:30PM EST,18,6.0," "
nhl.p.4630,Luke,Gazdic,LW,EDM,SJ,EDM@SJ,10:30PM EST,12,1.0," "
nhl.p.4650,Rob,Klinkhammer,LW,EDM,SJ,EDM@SJ,10:30PM EST,12,1.5," "
nhl.p.4854,Cam,Talbot,G,EDM,SJ,EDM@SJ,10:30PM EST,36,11.6," "
nhl.p.4860,Eric,Gryba,D,EDM,SJ,EDM@SJ,10:30PM EST,12,2.7," "
nhl.p.4961,Taylor,Hall,LW,EDM,SJ,EDM@SJ,10:30PM EST,23,8.3," "
nhl.p.5136,Brandon,Davidson,D,EDM,SJ,EDM@SJ,10:30PM EST,12,3.2," "
nhl.p.5190,Mark,Fayne,D,EDM,SJ,EDM@SJ,10:30PM EST,12,2.4," "
nhl.p.5323,Anton,Lander,C,EDM,SJ,EDM@SJ,10:30PM EST,12,2.4," "
nhl.p.5341,Anders,Nilsson,G,EDM,SJ,EDM@SJ,10:30PM EST,26,10.6," "
nhl.p.5362,Ryan,Nugent-Hopkins,C,EDM,SJ,EDM@SJ,10:30PM EST,17,6.1," "
nhl.p.5549,Iiro,Pakarinen,RW,EDM,SJ,EDM@SJ,10:30PM EST,12,2.0," "
nhl.p.5714,Justin,Schultz,D,EDM,SJ,EDM@SJ,10:30PM EST,12,4.1," "
nhl.p.5979,Brad,Hunt,D,EDM,SJ,EDM@SJ,10:30PM EST,12,3.1," "
nhl.p.5986,Darnell,Nurse,D,EDM,SJ,EDM@SJ,10:30PM EST,12,3.8," "
nhl.p.6369,Leon,Draisaitl,C,EDM,SJ,EDM@SJ,10:30PM EST,16,4.6," "
nhl.p.1929,Andrew,Ference,D,EDM,SJ,EDM@SJ,10:30PM EST,12,2.3,IR
nhl.p.5380,Oscar,Klefbom,D,EDM,SJ,EDM@SJ,10:30PM EST,15,4.5,DTD
nhl.p.5681,Nail,Yakupov,RW,EDM,SJ,EDM@SJ,10:30PM EST,13,4.1,IR
nhl.p.6743,Connor,McDavid,C,EDM,SJ,EDM@SJ,10:30PM EST,20,6.2,IR
nhl.p.1485,Dainius,Zubrus,C,SJ,EDM,EDM@SJ,10:30PM EST,12,2.0,IR
nhl.p.1600,Joe,Thornton,C,SJ,EDM,EDM@SJ,10:30PM EST,24,6.1," "
nhl.p.1644,Patrick,Marleau,LW,SJ,EDM,EDM@SJ,10:30PM EST,20,6.4," "
nhl.p.2992,Paul,Martin,D,SJ,EDM,EDM@SJ,10:30PM EST,12,3.9," "
nhl.p.3358,Brent,Burns,D,SJ,EDM,EDM@SJ,10:30PM EST,34,9.0," "
nhl.p.3829,Marc-Edouard,Vlasic,D,SJ,EDM,EDM@SJ,10:30PM EST,19,5.4," "
nhl.p.3985,Joe,Pavelski,C,SJ,EDM,EDM@SJ,10:30PM EST,29,9.4," "
nhl.p.4057,Mike,Brown,RW,SJ,EDM,EDM@SJ,10:30PM EST,12,1.4," "
nhl.p.4079,Joel,Ward,RW,SJ,EDM,EDM@SJ,10:30PM EST,15,5.0," "
nhl.p.4248,Logan,Couture,C,SJ,EDM,EDM@SJ,10:30PM EST,21,7.8," "
nhl.p.4581,Martin,Jones,G,SJ,EDM,EDM@SJ,10:30PM EST,32,10.1," "
nhl.p.4642,Alex,Stalock,G,SJ,EDM,EDM@SJ,10:30PM EST,20,8.4," "
nhl.p.4886,Ben,Smith,RW,SJ,EDM,EDM@SJ,10:30PM EST,12,2.8," "
nhl.p.4888,Justin,Braun,D,SJ,EDM,EDM@SJ,10:30PM EST,18,5.1," "
nhl.p.4944,Tommy,Wingels,RW,SJ,EDM,EDM@SJ,10:30PM EST,12,4.5," "
nhl.p.5072,Joonas,Donskoi,RW,SJ,EDM,EDM@SJ,10:30PM EST,13,3.9," "
nhl.p.5251,Brenden,Dillon,D,SJ,EDM,EDM@SJ,10:30PM EST,12,3.2," "
nhl.p.5415,Matt,Nieto,LW,SJ,EDM,EDM@SJ,10:30PM EST,12,3.5," "
nhl.p.5544,Dylan,DeMelo,D,SJ,EDM,EDM@SJ,10:30PM EST,12,1.4," "
nhl.p.5647,Matt,Tennyson,D,SJ,EDM,EDM@SJ,10:30PM EST,12,3.2," "
nhl.p.5697,Tomas,Hertl,LW,SJ,EDM,EDM@SJ,10:30PM EST,17,4.4," "
nhl.p.5744,Chris,Tierney,C,SJ,EDM,EDM@SJ,10:30PM EST,12,3.4," "
nhl.p.6361,Melker,Karlsson,C,SJ,EDM,EDM@SJ,10:30PM EST,12,4.4," "
